Codigo,Nombre,Estado,Tipo,Organismo,Unidad,Region,Comuna,FechaPublicacion,FechaCierre,FechaVisita,VisitaObligatoria,FuenteVisita,MontoEstimado,Moneda,MontoVisible,Descripcion,ServicioDATAELECT,PalabrasCalzadas,URL
3291-3-LE26,JENABIEN - RENOVACION BAÑO Y NORMALIZACION ELECTRICA VF COQUIMBO,Publicada,LE,POLICIA DE INVESTIGACIONES DE CHILE,JEFATURA NACIONAL DE BIENESTAR Y CALIDAD DE VIDA,Región Metropolitana de Santiago,Santiago,2026-09-22 12:35,2026-10-13 15:00,,,,10800000.0,CLP,Sí,"LA CONTRATACION DEL SERVICIO DE EJECUCION DE PROYECTO DE RENOVACION DE BAÑO Y NORMALIZACION ELECTRICA DE VIVIENDA FISCAL DE COQUIMBO, UBICADA EN CALLE CARDENAL JOSE MARIA CARO, BLOCK N°10, DEPARTAMENTO N°14, COMUNA DE COQUIMBO, REGION DE COQUIMBO, DEPENDIENTE DE LA JEFATURA DE BIENESTAR Y CALIDAD DE VIDA.",Ingeniería eléctrica y potencia | Construcción y montaje,"electric, normalizacion electric",https://www.mercadopublico.cl/Procurement/Modules/RFB/DetailsAcquisition.aspx?idlicitacion=3291-3-LE26
1070620-102-LP26,PVE SUMINISTRO E INSTALACION DE EQUIPOS CCTV,Publicada,LP,HOSPITAL DOCTOR ERNESTO TORRES GALDAMES,Hospital Dr. Ernesto Torres Galdames,Región de Tarapacá  ,Iquique,2026-09-16 10:26,2026-10-13 15:01,,,,116361770.0,CLP,Sí,"El Hospital Dr. Ernesto Torres Galdames de la ciudad de Iquique, requiere fortalecer el ámbito de la seguridad de sus instalaciones y personas, complementando los métodos hoy existentes con la incorporación de nuevas tecnologías que ayuden a la prevención de incidentes.",Telecomunicaciones,cctv,https://www.mercadopublico.cl/Procurement/Modules/RFB/DetailsAcquisition.aspx?idlicitacion=1070620-102-LP26
1079454-17-LE26,SERVICIO TECHUMBRE Y SIST. ELÉCTRICO OS7 AFTA.,Publicada,LE,DIRECCION DE LOGISTICA DE CARABINEROS,SECCIÓN DE COMPRAS ZONA ANTOFAGASTA,Región de Antofagasta ,Antofagasta,2026-10-02 12:45,2026-10-13 15:01,,,,10921558.0,CLP,Sí,SERVICIO DE MANTENCIÓN Y REPARACIÓN DE LA TECHUMBRE Y DEL SISTEMA ELÉCTRICO DE LLAS DEPENDENCIAS DE LAL SECCIÓN OS7 ANTOFAGASTA.,Ingeniería eléctrica y potencia,electric,https://www.mercadopublico.cl/Procurement/Modules/RFB/DetailsAcquisition.aspx?idlicitacion=1079454-17-LE26
1641-318-LR26,NBB - NORMALIZACION E INTEGRACION DEL SISTEMA ELECTRICO Y RESPALDO EXISTENTE,Publicada,LR,SERVICIO DE SALUD OCCIDENTE HOSPITAL SAN JUAN DE DIOS,SERVICIO DE SALUD OCCIDENTE HOSPITAL SAN JUAN DE D,Región Metropolitana de Santiago,,2026-09-11 15:45,2026-10-13 15:01,,,,700000000.0,CLP,Sí,"El Hospital San Juan de Dios, debido a la criticidad operacional de sus instalaciones clínicas, asistenciales y de apoyo médico, requiere la contratación del servicio de “NORMALIZACIÓN E INTEGRACIÓN DE SU SISTEMA ELÉCTRICO EXISTENTE” con el propósito de fortalecer las condiciones de seguridad, confiabilidad, continuidad operacional y capacidad de respaldo energético del recinto hospitalario.",Ingeniería eléctrica y potencia,electric,https://www.mercadopublico.cl/Procurement/Modules/RFB/DetailsAcquisition.aspx?idlicitacion=1641-318-LR26
2591-172-LE26,ASESORÍA A LA INSPECCIÓN TÉCNICA DE OBRA AITO,Publicada,LE,ILUSTRE MUNICIPALIDAD DE POZO ALMONTE,IMUNI_POZOALMONTE  ADQUISICIONES,Región de Tarapacá  ,Pozo Almonte,2026-09-25 10:13,2026-10-13 15:01,,,,,CLP,No,La Ilustre Municipalidad de Pozo Almonte requiere contratar el servicio denominado: “ASESORÍA DE INSPECCIÓN TÉCNICA” para la fiscalización y supervisión  del proyecto denominado “REPOSICIÓN OFICINA DE POZO ALMONTE” Código BIP N°40000009-0 oficina ubicada  en calle Sanfuentes 332 comuna de Pozo Almonte.,Construcción y montaje,inspeccion tecnica de obra,https://www.mercadopublico.cl/Procurement/Modules/RFB/DetailsAcquisition.aspx?idlicitacion=2591-172-LE26
4284-155-L126,Servicios de asesorías técnicas especializada en alimentación y manejo sanitario de aves para producción de carne y huevos y taller de implementación de sistema de automatización riego para usuarios PRODESAL - unidad operativa comunal Cunco según bases a,Publicada,L1,I MUNICIPALIDAD DE CUNCO,Municipalidad de Cunco,Región de la Araucanía ,Cunco,2026-10-02 09:28,2026-10-13 15:01,,,,3200000.0,CLP,Sí,"Servicios de asesorías técnicas especializada en alimentación y manejo sanitario de aves para producción de carne y huevos y taller de implementación de sistema de automatización riego para usuarios PRODESAL - unidad operativa comunal Cunco, según bases adjuntas Pagina 1.2 detalles de bienes a licitar",Control e instrumentación | Capacitación técnica,"automatizacion, taller de implementacion de sistema de automatizacion",https://www.mercadopublico.cl/Procurement/Modules/RFB/DetailsAcquisition.aspx?idlicitacion=4284-155-L126
4301-62-LP26,Adquisición de 2.000 cámaras de seguridad,Publicada,LP,I MUNICIPALIDAD DE ZAPALLAR,IMUNI_ ZAPALLAR,Región de Valparaíso ,Zapallar,2026-09-23 10:27,2026-10-13 15:01,,,,90000000.0,CLP,Sí,"La Ilustre Municipalidad de Zapallar, en adelante e indistintamente la “MUNICIPALIDAD” o el “MUNICIPIO”, llama a licitación pública para la “Adquisición de 2.000 cámaras de seguridad para vecinos de la comuna de Zapallar.”, la cual se regulará por las Bases Administrativas Generales aprobadas por Decreto de Alcaldía N°1.206 de fecha 17 de abril del año 2026 y las presentes Bases Administrativas Especiales.",Telecomunicaciones,camaras de seguridad,https://www.mercadopublico.cl/Procurement/Modules/RFB/DetailsAcquisition.aspx?idlicitacion=4301-62-LP26
523059-11-LE26,LEVANTAMIENTO Y DIAGNÓSTICO ELECTRICO DEL OVDAS,Publicada,LE,SERVICIO NACIONAL DE GEOLOGIA Y MINERIA,OVDAS,Región de la Araucanía ,Temuco,2026-09-29 11:21,2026-10-13 15:01,,,,30000000.0,CLP,Sí,"El Observatorio Volcanológico de los Andes del Sur OVDAS, presenta la necesidad de disponer de un diagnóstico técnico integral de su sistema eléctrico e infraestructura asociada, considerando la continuidad operacional de sistemas críticos, equipos electrónicos sensibles, sistemas de respaldo, climatización, iluminación y demás cargas existentes.
En este contexto, se requiere efectuar un Estudio Integral de Calidad de Energía y Diagnóstico del Sistema Eléctrico, que permita caracterizar mediante mediciones instrumentadas el comportamiento real de la instalación, identificar eventuales desviaciones, perturbaciones, condiciones de riesgo y oportunidades de mejora, determinar sus causas y formular un Plan de Mejoramiento Eléctrico y Energético.",Ingeniería eléctrica y potencia,"electric, iluminacion",https://www.mercadopublico.cl/Procurement/Modules/RFB/DetailsAcquisition.aspx?idlicitacion=523059-11-LE26
622847-16-LE26,SUMINISTRO E INSTALACIÓN PLANTA SOLAR FOTOVOLTAICA,Publicada,LE,SERVICIO NACIONAL DEL PATRIMONIO CULTURAL,DEPARTAMENTO DE INVERSIÓN E INFRAESTRUCTURA PATRIM,Región Metropolitana de Santiago,Santiago Centro,2026-10-01 15:24,2026-10-13 15:01,,,,25000000.0,CLP,Sí,"SUMINISTRO E INSTALACIÓN DE PLANTA SOLAR FOTOVOLTAICA DE 15KW,
PARA EL CENTRO DE COLECCIONES DE CERRILLOS",Ingeniería eléctrica y potencia,fotovoltaic,https://www.mercadopublico.cl/Procurement/Modules/RFB/DetailsAcquisition.aspx?idlicitacion=622847-16-LE26
712307-76-LE26,Consultoría para la Normalización y Mejoramiento de Sistemas Eléctricos Asociados a Rutas Peatonales ,Publicada,LE,SERVICIO DE VIVIENDA Y URBANIZACION IX REGION,Licitaciones y Costos,Región de la Araucanía ,Temuco,2026-09-30 16:25,2026-10-13 15:01,,,,19000000.0,CLP,Sí,Consultoría para la Normalización y Mejoramiento de Sistemas Eléctricos Asociados a Rutas Peatonales de la Provincia de Malleco,Ingeniería eléctrica y potencia,electric,https://www.mercadopublico.cl/Procurement/Modules/RFB/DetailsAcquisition.aspx?idlicitacion=712307-76-LE26
3695-37-LE26,CONSERVACIÓN DE EMERGENCIA ELECTRICA ESCUELA TENO PRIMER CICLO COMUNA DE TENO,Publicada,LE,I MUNICIPALIDAD DE TENO,Departamento De Educacion,Región del Maule ,Teno,2026-09-30 11:58,2026-10-13 15:05,,,,,CLP,No,"CONSERVACIÓN DE EMERGENCIA ELECTRICA ESCUELA TENO PRIMER CICLO, COMUNA DE TENO",Ingeniería eléctrica y potencia,electric,https://www.mercadopublico.cl/Procurement/Modules/RFB/DetailsAcquisition.aspx?idlicitacion=3695-37-LE26
4629-28-LE26,SISTEMA DE CONTROL DE ACCESO DT,Publicada,LE,DIRECCION DEL TRABAJO,Nivel Central Santiago,Región Metropolitana de Santiago,Santiago,2026-09-28 11:26,2026-10-13 15:05,,,,,CLP,No,"CONVENIO DE SUMINISTRO PARA EL SERVICIO DE MANTENCIÓN PREVENTIVA Y CORRECTIVA DEL SISTEMA DE CONTROL DE ACCESO DE LA DIRECCIÓN NACIONAL DEL TRABAJO
E1Ó2-RT9",Telecomunicaciones,control de acceso,https://www.mercadopublico.cl/Procurement/Modules/RFB/DetailsAcquisition.aspx?idlicitacion=4629-28-LE26
2686-129-LE26,“SERVICIO DE INSTALACIÓN CCTV Y ALARMAS DE LA MUNI,Publicada,LE,I MUNICIPALIDAD DE COLINA,SECPLAN,Región Metropolitana de Santiago,Colina,2026-09-29 15:58,2026-10-13 15:10,,,,,CLP,No,"“SERVICIO DE INSTALACIÓN CCTV Y ALARMAS DE LA MUNICIPALIDAD DE COLINA”
El objetivo de la licitación es contratar la adquisición e instalación de cámaras de seguridad, sistemas de alarma y botones de pánico para los módulos comunitarios y oficinas externas dependientes de la Dirección de Seguridad, con el propósito de fortalecer las condiciones de seguridad de las dependencias municipales, mejorar el control y monitoreo de los espacios, prevenir situaciones de riesgo y contar con respaldo visual ante eventuales incidentes, resguardando la integridad de funcionarios, usuarios e infraestructura municipal.",Telecomunicaciones,"camaras de seguridad, cctv, sistemas de alarma",https://www.mercadopublico.cl/Procurement/Modules/RFB/DetailsAcquisition.aspx?idlicitacion=2686-129-LE26
4858-64-LE26,ADQUISICIÓN MATERIALES ELÉCTRICOS PARA ALUMBRADO,Publicada,LE,I MUNICIPALIDAD DE TIRUA,Finanzas,Región del Biobío ,Tirúa,2026-10-01 15:38,2026-10-13 15:10,,,,,CLP,No,"La Ilustre Municipalidad de Tirúa, a través del Departamento de Obras Municipales, requiere materiales eléctricos para alumbrado público.",Ingeniería eléctrica y potencia,"alumbrado, electric",https://www.mercadopublico.cl/Procurement/Modules/RFB/DetailsAcquisition.aspx?idlicitacion=4858-64-LE26
3436-104-L126,Servicio de mantenimiento y reparación de circuito de CCTV  CC 1100065012SIC 353220 ,Publicada,L1,DIVISION LOGISTICA DEL EJERCITO,Escuela de Suboficiales,Región de Valparaíso ,La Ligua,2026-10-01 08:00,2026-10-13 15:12,,,,3171914.0,CLP,Sí,"Servicio de mantenimiento y reparación de circuito de CCTV , adquisición de cámara de vigilancia para aula externa de los alumnos de la Escuela de Suboficiales.",Telecomunicaciones,cctv,https://www.mercadopublico.cl/Procurement/Modules/RFB/DetailsAcquisition.aspx?idlicitacion=3436-104-L126
1540-108-LE26,MANTENIMIENTO SOPORTE PLC BECKHOFF,Publicada,LE,SERVICIO DE SALUD MAGALLANES HOSPITAL DE PTO NATALES,Hospital Dr. Augusto Essmann Burgos,Región de Magallanes y de la Antártica,Puerto Natales,2026-09-29 11:31,2026-10-13 15:30,,,,17700000.0,CLP,Sí,"Que, mediante Solicitud de Compra N°207 de Subdirector de Operaciones, Jose Miguel Paredes Arce, autorizado por la Subdirección Administrativa, quien solicita el servicio de mano de obra especializada para dar cumplimiento a los sistemas automatizados de control centralizado, específicamente al mantenimiento preventivo, correctivo y soporte PLC Beckhoff con el fin de dar cumplimiento a las normativas del mantenimiento del Hospital “Dr. Augusto Essmann Burgos” de Puerto Natales, por el periodo de 12 meses.",Control e instrumentación,plc,https://www.mercadopublico.cl/Procurement/Modules/RFB/DetailsAcquisition.aspx?idlicitacion=1540-108-LE26
2296-55-LE26,ASESORIA A LA INSPECCION TECNICA DE OBRAS DEL PROYECTO MEJORAMIENTO DEL SISTEMA DE LUMINARIAS PUBLICAS COMUNA DE CONCHALI ETAPA I ZONA NORTE,Publicada,LE,I MUNICIPALIDAD DE CONCHALI,Depto. Abastecimiento,Región Metropolitana de Santiago,,2026-09-29 13:43,2026-10-13 15:30,,,,20000000.0,CLP,Sí,SEGUN BASES ADMINISTRATIVAS Y TERMINOS TECNICOS DE REFERENCIA,Ingeniería eléctrica y potencia | Construcción y montaje,"inspeccion tecnica de obra, luminaria",https://www.mercadopublico.cl/Procurement/Modules/RFB/DetailsAcquisition.aspx?idlicitacion=2296-55-LE26
2424-62-LP26,SERVICIO NORMALIZACION SUMINISTRO E INSTALACION ELECTRICA EN CENTRO DEPORTIVO EL BOSQUE - 91 -2923,Publicada,LP,I MUNICIPALIDAD DE VINA DEL MAR,I MUNICIPALIDAD DE VINA DEL MAR,Región de Valparaíso ,Viña del Mar,2026-09-22 17:31,2026-10-13 15:30,,,,308400000.0,CLP,Sí,Ped. N° 91 -2923 - Departamento Infraestructura y Recursos Materiales - (n.f.),Ingeniería eléctrica y potencia | Construcción y montaje,"electric, instalacion electric",https://www.mercadopublico.cl/Procurement/Modules/RFB/DetailsAcquisition.aspx?idlicitacion=2424-62-LP26
2427-84-LE26,Suministro instalación implementación configuración rotulación de sistema de televigilancia para 22 cámaras IP - Tecnología,Publicada,LE,I MUNICIPALIDAD DE VALPARAISO,ABASTECIMIENTO,Región de Valparaíso ,,2026-09-30 12:04,2026-10-13 15:30,,,,20000000.0,CLP,Sí,"Pedido n°36 Suministro, instalación, implementación, configuración, rotulación de sistema de televigilancia para 22 cámaras IP - Tecnología",Telecomunicaciones,televigilancia,https://www.mercadopublico.cl/Procurement/Modules/RFB/DetailsAcquisition.aspx?idlicitacion=2427-84-LE26
2767-34-LP26,INSTALACIÓN LUMINARIAS SOLARES,Publicada,LP,I MUNICIPALIDAD DE LA CISTERNA,SECPLAC,Región Metropolitana de Santiago,La Cisterna,2026-09-03 16:02,2026-10-13 15:30,,,,,CLP,No,"La Municipalidad de La Cisterna llama a Propuesta Pública para la contratación y ejecución del proyecto denominado “INSTALACIÓN LUMINARIAS SOLARES”, con el objeto de ejecutar obras de instalación de luminaria solares fotovoltaicas en distintos puntos del barrio San Ramón Norte. Las ofertas deben contemplar una propuesta económica que provean la instalación de un mínimo de 54 luminarias. El proyecto completo contempla la instalación de 59 luminarias.

Se deja establecido que, para la correcta ejecución del Proyecto en comento, deberán ceñirse estrictamente a lo dispuesto en las Especificaciones Técnicas y los demás documentos que son parte integral de la presente propuesta.",Ingeniería eléctrica y potencia,"fotovoltaic, luminaria",https://www.mercadopublico.cl/Procurement/Modules/RFB/DetailsAcquisition.aspx?idlicitacion=2767-34-LP26
3656-163-LE26,ADQUISICION LUMINARIAS DE ALUMBRADO PUBLICO SECTORES VARIOS COMUNA DE REQUÍNOA,Publicada,LE,I MUNICIPALIDAD DE REQUINOA,Ilustre Municipalidad de Requínoa,Región del Libertador General Bernardo O´Higgins,Requinoa,2026-09-30 15:17,2026-10-13 15:30,,,,,CLP,No,"ADQUISICION LUMINARIAS DE ALUMBRADO PUBLICO, SECTORES VARIOS, COMUNA DE REQUÍNOA",Ingeniería eléctrica y potencia,"alumbrado, luminaria",https://www.mercadopublico.cl/Procurement/Modules/RFB/DetailsAcquisition.aspx?idlicitacion=3656-163-LE26
3994-26-LP26,CONST. LUMINARIAS RUTA H-410 OLIVAR ALTO,Publicada,LP,I MUNICIPALIDAD DE OLIVAR,I MUNICIPALIDAD DE OLIVAR,Región del Libertador General Bernardo O´Higgins,Olivar,2026-09-10 19:16,2026-10-13 15:30,,,,,CLP,No,LA NECESIDAD DE EJECUTAR LA OBRA DE LUMINARIAS RUTA H-410 QUE CONSISTE EN LA INSTALACION LUMINARIAS QUE ESTA ORIENTA A FORTALECER LA SEGURIDAD Y PROTECCION DE LOS PEATONES Y DE LOS CONDUCTORES DE VEHICULOS MOTORIZADOS QUE TRANSITAN DICHA RUTA,Ingeniería eléctrica y potencia,luminaria,https://www.mercadopublico.cl/Procurement/Modules/RFB/DetailsAcquisition.aspx?idlicitacion=3994-26-LP26
905-34-LE26,CAMBIO RED ELÉCTRICA OFICINA SECTORIAL SAN FDO.,Publicada,LE,SERVICIO AGRICOLA Y GANADERO,SAG - Libertador Bernardo O'higgins,Región del Libertador General Bernardo O´Higgins,Rancagua,2026-10-02 16:03,2026-10-13 15:30,,,,8710000.0,CLP,Sí,"Este trabajo tiene por objetivo adecuar el sistema eléctrico existente a las normativas vigentes y garantizar su operación segura, funcional y certificada ante la Superintendencia de Electricidad y Combustibles SEC y CGE.",Ingeniería eléctrica y potencia,electric,https://www.mercadopublico.cl/Procurement/Modules/RFB/DetailsAcquisition.aspx?idlicitacion=905-34-LE26
953-18-LE26,Serv. Telefonía IP e Internet Satelital CFAN,Publicada,LE,DELEGACIÓN PRESIDENCIAL REGIONAL DE COQUIMBO,Ministerio del Interior - Delegación Reg  Coquimbo,Región de Coquimbo ,La Serena,2026-09-28 11:47,2026-10-13 15:30,,,,,CLP,No,"Servicios de telefonía e internet satelital para las instalaciones del Complejo Fronterizo Agua Negra, Delegación Presidencial Regional de Coquimbo, durante un periodo de veinticuatro 24 meses comprendido entre noviembre 2026 y octubre 2028.",Telecomunicaciones,telefonia ip,https://www.mercadopublico.cl/Procurement/Modules/RFB/DetailsAcquisition.aspx?idlicitacion=953-18-LE26
4474-14-LE26,MANO DE OBRA Y SERVICIOS ELECTRICOS,Publicada,LE,Ilustre Municipalidad de Contulmo,Adquisiciones Municipalidad,Región del Biobío ,Contulmo,2026-10-02 16:20,2026-10-13 15:31,,,,10000000.0,CLP,Sí,"La I. Municipalidad de Contulmo invita a los proveedores inscritos en www.mercadopúblico, a la Licitación por la contratación de servicios de mano de obra y servicio eléctrico para la habilitación, mejoramiento y reparación de viviendas de 12 familias del Programa Habitabilidad.",Ingeniería eléctrica y potencia,electric,https://www.mercadopublico.cl/Procurement/Modules/RFB/DetailsAcquisition.aspx?idlicitacion=4474-14-LE26
1488587-29-LP26,Reparación de Techumbre y Normalización Eléctrica,Publicada,LP,UNIVERSIDAD DE LA SERENA,DIRECCIÓN DE INFRAESTRUCTURA,Región de Coquimbo ,La Serena,2026-09-21 16:11,2026-10-13 16:00,,,,145500000.0,CLP,Sí,"Reparación de Techumbre y Normalización Eléctrica Edificio de Abastecimiento, Campus Ignacio Domeyko de la Universidad de La Serena”,",Ingeniería eléctrica y potencia | Construcción y montaje,"electric, normalizacion electric",https://www.mercadopublico.cl/Procurement/Modules/RFB/DetailsAcquisition.aspx?idlicitacion=1488587-29-LP26
1697-45-LE26,Mantto.Grupos Electrógenos Antofagasta,Publicada,LE,CORP ADMINISTRATIVA DEL PODER JUDICIAL,Corp. Adm. del Poder Judicial - Antofagasta,Región de Antofagasta ,Antofagasta,2026-09-30 14:50,2026-10-13 16:00,,,,1410.89,CLF,Sí,Mantto.Grupos Electrógenos Antofagasta,Ingeniería eléctrica y potencia,grupos electrogeno,https://www.mercadopublico.cl/Procurement/Modules/RFB/DetailsAcquisition.aspx?idlicitacion=1697-45-LE26
2358-24-LE26,SC N° 87 DEL 10-09-2026 DE LA DIRECCION DE ASEO Y ORNATO  COMPRA DE KIT FOTOVOLTAICOS,Publicada,LE,I MUNICIPALIDAD DE TALCAHUANO,DEPARTAMENTO DE FINANZAS,Región del Biobío ,Talcahuano,2026-09-30 12:40,2026-10-13 16:00,,,,30000000.0,CLP,Sí,PARA EL PROYECTO DE CONSTRUCCION DE AREA VERDE EN CALLE COLCHAGUA Y ATACAMA EN POBLACION DIEGO PORTALES DE TALCAHUANO.,Ingeniería eléctrica y potencia,fotovoltaic,https://www.mercadopublico.cl/Procurement/Modules/RFB/DetailsAcquisition.aspx?idlicitacion=2358-24-LE26
951-6-L126,"CONVENIO DE SUMINISTRO PARA LOS SERVICIOS MENORES DE GASFITERÍA, CARPINTERÍA, ELÉCTRICIDAD, PUNTO DE RED INFORMATICOS Y REPARACIONES MENORES PARA LA DELEGACIÓN PRESIDENCIAL REGIONAL DE TARAPACA",Publicada,L1,DELEGACIÓN PRESIDENCIAL REGIONAL DE TARAPACÁ,DELEGACIÓN PRESIDENCIAL REGIONAL DE TARAPACÁ,Región Metropolitana de Santiago,Santiago,2026-10-06 16:27,2026-10-13 16:30,,,,6000000.0,CLP,Sí,"CONVENIO DE SUMINISTRO PARA LOS SERVICIOS MENORES DE GASFITERÍA, CARPINTERÍA, ELÉCTRICIDAD, PUNTO DE RED INFORMATICOS Y REPARACIONES MENORES PARA LA DELEGACIÓN PRESIDENCIAL REGIONAL DE TARAPACA",Ingeniería eléctrica y potencia,electric,https://www.mercadopublico.cl/Procurement/Modules/RFB/DetailsAcquisition.aspx?idlicitacion=951-6-L126
707425-48-CO26,REPOSICIÓN SISTEMA ELECTRICO JI SC NUEVA CUMBRE,Publicada,CO,FUNDACION EDUCACIONAL PARA EL DESAROLLO INTEGRAL DE LA NIÑEZ,Regional Los Lagos,Región de los Lagos ,Puerto Montt,2026-10-01 12:21,2026-10-13 17:00,,,,,CLP,No,"Fundación Integra requiere contratar el servicio de ejecución de obra de “REPOSICION SISTEMA ELECTRICO Y CLIMATIZACION JARDIN INFANTIL NUEVA CUMBRE”, bajo el sistema de Suma Alzada para la ejecución de las obras descritas en el proyecto de arquitectura, estructuras, especialidades y especificaciones técnicas de la presente licitación.",Ingeniería eléctrica y potencia,electric,https://www.mercadopublico.cl/Procurement/Modules/RFB/DetailsAcquisition.aspx?idlicitacion=707425-48-CO26
1220203-19-L126,"“ASESORIA ELECTRICA LA INSPECCION FISCAL DE LA OBRA DE HABILITACIÓN BODEGA EDIFICIO EX MOLINERA REGIÓN DE ANTOFAGASTA, CODIGO BIP 40073549”, PROYECTO FINANCIADO CON FONDOS FNDR",Publicada,L1,SERVICIO NACIONAL DEL PATRIMONIO CULTURAL,DIRECCION REGIONAL DE ANTOFAGASTA,Región de Antofagasta ,Antofagasta,2026-09-30 11:33,2026-10-13 20:00,,,,6000000.0,CLP,Sí,"Se requiere el servicio de Asesoría Técnica especializada en la Inspección Fiscal de Obra en todas las materias relacionadas con la especialidad Eléctrica, verificando la correcta ejecución de los trabajos eléctricos y apoyando la toma de decisiones, revisión técnica y administrativa durante el desarrollo del contrato.",Ingeniería eléctrica y potencia,electric,https://www.mercadopublico.cl/Procurement/Modules/RFB/DetailsAcquisition.aspx?idlicitacion=1220203-19-L126
1057774-13-L126,Compra de herramientas eléctricas,Publicada,L1,SERVICIO DE SALUD ANTOFAGASTA HOSPITAL M,Activos Fijos,Región de Antofagasta ,Tocopilla,2026-10-05 16:56,2026-10-13 20:39,,,,,CLP,No,Compra de herramientas eléctricas,Ingeniería eléctrica y potencia,electric,https://www.mercadopublico.cl/Procurement/Modules/RFB/DetailsAcquisition.aspx?idlicitacion=1057774-13-L126
3665-10-LE26,MANTENCION DATA CENTER RACK COM. Y AMPL. RED WIFI,Publicada,LE,I MUNICIPALIDAD DE TIL TIL,Municipalidad ,Región Metropolitana de Santiago,Til Til,2026-09-30 11:52,2026-10-14 09:00,,,,,CLP,No,"La necesidad de Proporcionar a la Ilustre Municipalidad de Tiltil, de servicios de Mantención para los equipos y servidor municipal.",Telecomunicaciones,"rack, wifi",https://www.mercadopublico.cl/Procurement/Modules/RFB/DetailsAcquisition.aspx?idlicitacion=3665-10-LE26
5482-97-LE26,“EJECUCIÓN TRABAJOS ELECTRICIDAD ILUMINACIÓN CORRIENTES DÉBILES SANITARIO Y CLIMA SECTOR CENTRAL 3° PISO EDIFICIO CONSISTORIAL”.,Publicada,LE,I MUNICIPALIDAD DE NUNOA,SECPLANUNOA,Región Metropolitana de Santiago,Ñuñoa,2026-09-28 12:40,2026-10-14 09:00,,,,25000000.0,CLP,Sí,"La Municipalidad de Ñuñoa, a través de la Secretaría Comunal de Planificación (SECPLA), requiere contratar el suministro, instalación y ejecución de las obras de electricidad, iluminación, corrientes débiles, sanitarios y clima para la remodelación en oficinas del sector central del tercer piso, ubicado en el Edificio Consistorial de la Ilustre Municipalidad de Ñuñoa, ubicado en Avenida Irarrázaval N°3550.",Ingeniería eléctrica y potencia,"electric, iluminacion",https://www.mercadopublico.cl/Procurement/Modules/RFB/DetailsAcquisition.aspx?idlicitacion=5482-97-LE26
2402-87-LP26,RECAMBIO LUMINARIAS SECTOR PONIENTE Y NORPONIENTE,Publicada,LP,I MUNICIPALIDAD DE RANCAGUA,DEPARTAMENTO DE ESTUDIOS Y PROYECTOS,Región del Libertador General Bernardo O´Higgins,Rancagua,2026-09-24 16:45,2026-10-14 10:00,,,,328521307.0,CLP,Sí,"El objetivo principal de la presente propuesta es ejecutar el recambio de luminarias de alumbrado público en 
distintos puntos de los sectores poniente y norponiente de la comuna de Rancagua, con el objeto de mejorar 
las condiciones de iluminación, seguridad, continuidad operacional y eficiencia energética de los espacios 
públicos intervenidos. Las obras deberán considerar la provisión, retiro, montaje, conexión, pruebas, puesta en 
servicio, regularización técnica y entrega documental de las luminarias y elementos asociados, conforme a las 
Especificaciones Técnicas, planos y demás antecedentes de la licitación, dando cumplimiento a la normativa 
eléctrica, de alumbrado público, de tránsito y de ocupación de bienes nacionales de uso público que resulte 
aplicable.",Ingeniería eléctrica y potencia | Construcción y montaje,"alumbrado, eficiencia energetica, electric, iluminacion, luminaria, puesta en servicio",https://www.mercadopublico.cl/Procurement/Modules/RFB/DetailsAcquisition.aspx?idlicitacion=2402-87-LP26
2295-97-LP26,MEJORAMIENTO ILUMINACIÓN CANCHA DE FÚTBOL CLUB DEPORTIVO UNIÓN CANCHA RAYADA TALCA Código BIP N°40.053.123-0,Publicada,LP,I MUNICIPALIDAD DE TALCA,SECRETARIA COMUNAL DE PLANIFICACION,Región del Maule ,Talca,2026-09-22 11:55,2026-10-14 12:00,,,,,CLP,No,"Este proyecto contempla la construcción de iluminación a la cancha de fútbol existente del Club deportivo Unión Cancha Rayada, que se encuentra ubicada en calle Prosperidad s/n, comuna de Talca.
Para llevar a cabo el proyecto se contempla el suministro, montaje y conexión de un generador de 33 KVA potencia prime con caseta, tablero de distribución de alumbrado, canalización, cámaras, torres de iluminación, proyectores Led de 750w.",Ingeniería eléctrica y potencia,"alumbrado, iluminacion, tablero de distribucion",https://www.mercadopublico.cl/Procurement/Modules/RFB/DetailsAcquisition.aspx?idlicitacion=2295-97-LP26
3489-33-LP26,Servicio Mantención Alumbrado Público y otros,Publicada,LP,I MUNICIPALIDAD DE NUEVA IMPERIAL,Secplac,Región de la Araucanía ,Nueva Imperial,2026-09-23 16:32,2026-10-14 13:00,,,,208800000.0,CLP,Sí,"Realizar mantenciones de alumbrado Público y edificios municipales y en arriendo, según Especificaciones Técnicas",Ingeniería eléctrica y potencia,alumbrado,https://www.mercadopublico.cl/Procurement/Modules/RFB/DetailsAcquisition.aspx?idlicitacion=3489-33-LP26
3348-4-LE26,Contratación del Servicio de Retiro Transporte y Eliminación de Residuos Especiales y Peligros para el CCM Arica.,Publicada,LE,DIVISION LOGISTICA DEL EJERCITO,"Centro Clínico Militar ""Arica""",Región de Arica y Parinacota,Arica,2026-09-29 16:33,2026-10-14 13:19,,,,17740000.0,CLP,Sí,"Llama a Licitación Pública, aprueba bases administrativas, técnicas, y designa comisión evaluadora para la Contratación del Servicio de Retiro, Transporte y Eliminación de Residuos Especiales y Peligros para el CCM ""Arica"".",Ingeniería eléctrica y potencia,ccm,https://www.mercadopublico.cl/Procurement/Modules/RFB/DetailsAcquisition.aspx?idlicitacion=3348-4-LE26
728-13-LE26,Servicio de automatización de Banco de Calibracion,Publicada,LE,INSTITUTO NACIONAL DE HIDRAULICA,Instituto Nacional de Hidráulicas - INH,Región Metropolitana de Santiago,Peñaflor,2026-09-29 16:57,2026-10-14 14:00,,,,,CLP,No,Se requiere la automatizacion de banco de calibraciones.,Control e instrumentación,automatizacion,https://www.mercadopublico.cl/Procurement/Modules/RFB/DetailsAcquisition.aspx?idlicitacion=728-13-LE26
1431841-65-L126,"Memo SECPLA N°297/2026, Provisión, instalación y normalización eléctrica Residencia Familiar de Jóvenes",Publicada,L1,I MUNICIPALIDAD DE RECOLETA,DIRECCION  DE COMPRAS PUBLICAS,Región Metropolitana de Santiago,Recoleta,2026-10-05 10:14,2026-10-14 15:00,,Sí,,7000000.0,CLP,Sí,"Servicio de provisión, instalación y normalización eléctica en propiedad en la comuna de Recoleta (El Roble N° 666), según especificaciones técnicas y términos de referencia que se acompañan. Acreditar expriencia en la forma que se pide, y en los formularios que se acompañan. Requiere visita a la terreno la que tiene carácter obligatorio. Pago mediante transferencia electrónica, para lo cual se adjunta formulario del caso.",Ingeniería eléctrica y potencia | Construcción y montaje,"electric, normalizacion electric",https://www.mercadopublico.cl/Procurement/Modules/RFB/DetailsAcquisition.aspx?idlicitacion=1431841-65-L126
707423-69-LP26,REPOSICIÓN SISTEMA ELÉCTRICO JI JUAN PABLO II,Publicada,LP,FUNDACION EDUCACIONAL PARA EL DESAROLLO INTEGRAL DE LA NIÑEZ,Regional Araucania,Región de la Araucanía ,Temuco,2026-09-21 15:27,2026-10-14 15:00,,,,,CLP,No,"SERVICIO DE EJECUCIÓN DE OBRA
PROYECTO CONSERVACIÓN 2026 – REPOSICIÓN
SISTEMA ELÉCTRICO JARDIN INFANTIL Y SALA CUNA
JUAN PABLO II, PARA FUNDACIÓN INTEGRA,
REGIÓN DE LA ARAUCANÍA",Ingeniería eléctrica y potencia,electric,https://www.mercadopublico.cl/Procurement/Modules/RFB/DetailsAcquisition.aspx?idlicitacion=707423-69-LP26
812799-39-LP26,NORMALIZACIÓN DE ALUMBRADO PÚBLICO CALETA HORNITOS LOCALIDAD DE HORNITOS COMUNA DE MEJILLONES,Publicada,LP,I MUNICIPALIDAD DE MEJILLONES,Secoplac,Región de Antofagasta ,,2026-09-10 08:40,2026-10-14 15:00,,,,307565199.0,CLP,Sí,"Corresponde a los trabajos necesarios para la normalización integral del sistema de alumbrado público de la Caleta Hornitos, ubicada en la localidad de Hornitos. Principalmente contempla la normalización de la totalidad del cableado de la red, cambio de luminarias y postaciones, sistema de puesta a tierra, mejoramientos a la casa de fuerza, radier generador y reposición del generador del sistema, todo bajo la normativa vigente y actualizada.",Ingeniería eléctrica y potencia,"alumbrado, luminaria, puesta a tierra",https://www.mercadopublico.cl/Procurement/Modules/RFB/DetailsAcquisition.aspx?idlicitacion=812799-39-LP26
3934-44-L126,ADQUISICION IMPRESORAS SCANNER Y UPS ESTABLECIMIENTOS DE SALUD,Publicada,L1,I MUNICIPALIDAD DE FREIRE,Departamento de Salud,Región de la Araucanía ,Freire,2026-10-05 09:29,2026-10-14 15:16,,,,5880000.0,CLP,Sí,"ADQUISICION DE IMPRESORAS, SCANNER Y UPS, PARA USO EN LOS ESTABLECIMIENTOS DEPENDIENTE DEL DEPARTAMENTO DE SALUD DE LA COMUNA DE FREIRE",Ingeniería eléctrica y potencia,ups,https://www.mercadopublico.cl/Procurement/Modules/RFB/DetailsAcquisition.aspx?idlicitacion=3934-44-L126
1057390-36-LE26,Serv. de Mant. de Radiocom.  HF y VHF SSAN,Publicada,LE,SERVICIO DE SALUD ARAUCANIA NORTE,Bienes y Servicios,Región de la Araucanía ,Angol,2026-09-24 09:53,2026-10-14 15:30,,,,19678483.0,CLP,Sí,"La necesidad de Contratar el servicio integral de mantención, normalización técnica y recuperación operacional de los sistemas de radiocomunicaciones HF y VHF de establecimientos priorizados de la Red Asistencial Araucanía Norte, incluyendo diagnóstico técnico, mantención preventiva y correctiva, dependiente del Servicio de Salud Araucanía Norte, según especificaciones técnicas, Anexo N° 4.",Telecomunicaciones,"radiocomunicacion, vhf",https://www.mercadopublico.cl/Procurement/Modules/RFB/DetailsAcquisition.aspx?idlicitacion=1057390-36-LE26
1437-15-LE26,MEJORAMIENTO DE ILUMINACIÓN DE PLAZAS LLANQUIHUE,Publicada,LE,I MUNICIPALIDAD DE LLANQUIHUE,Ilustre Municipalidad de Llanquihue,Región de los Lagos ,Llanquihue,2026-09-28 17:12,2026-10-14 15:30,,,,37074062.0,CLP,Sí,Ejecución de obras de los Proyectos SPD del Programa Segundo Componente del Programa Sistema Nacional de Seguridad Municipal 2024 del Proyecto Mejoramiento de Iluminación de Plazas en Distintos Sectores de la Comuna de Llanquihue.,Ingeniería eléctrica y potencia,iluminacion,https://www.mercadopublico.cl/Procurement/Modules/RFB/DetailsAcquisition.aspx?idlicitacion=1437-15-LE26
548874-83-LP26,SERVICIO SUMINISTRO CERRAJERÍA CONTROL DE ACCESO ,Publicada,LP,INSTITUTO DE PREVISION SOCIAL,IPS Oficina Central de Compras,Región Metropolitana de Santiago,Santiago,2026-09-16 12:00,2026-10-14 15:30,,,,110000000.0,CLP,Sí,"E1O2RT8 SERVICIO DE SUMINISTRO DE CERRAJERIA, CONTROL DE ACCESO Y MECANISMOS AUTOMÁTICOS, PARA LOS INMUEBLES, EDIFICIOS Y OFICINAS Y CAPRI DEL INSTITUTO PREVISIÓN SOCIAL",Telecomunicaciones,control de acceso,https://www.mercadopublico.cl/Procurement/Modules/RFB/DetailsAcquisition.aspx?idlicitacion=548874-83-LP26
1696-18-L126,Servicio de evaluación técnica e inspección del estado eléctrico en Viviendas Judiciales de Arica,Publicada,L1,CORP ADMINISTRATIVA DEL PODER JUDICIAL,Corp. Adm. del Poder Judicial - Arica,Región de Arica y Parinacota,Arica,2026-10-05 14:50,2026-10-14 16:00,,,,2000000.0,CLP,Sí,"Se requiere contratar el servicio de evaluación técnica, diagnóstico normativo en tres inmuebles fiscales correspondientes a las Viviendas Judiciales de la comuna de Arica, en los términos y condiciones establecidas en las bases técnicas, administrativas generales y especiales de la presente licitación.",Ingeniería eléctrica y potencia,electric,https://www.mercadopublico.cl/Procurement/Modules/RFB/DetailsAcquisition.aspx?idlicitacion=1696-18-L126
2827-95-LR26,CONTRATO DE SERVS SONIDOS ILUMINACION AUDIOVISUAL,Publicada,LR,I MUNICIPALIDAD DE CONSTITUCION,MUNICIPAL,Región del Maule ,Constitución,2026-09-07 16:48,2026-10-14 16:00,,,,700000000.0,CLP,Sí,"Contar con un servicio de amplificación, sonido, audiovisuales, iluminación e implementos para las diferentes actividades municipales.",Ingeniería eléctrica y potencia,iluminacion,https://www.mercadopublico.cl/Procurement/Modules/RFB/DetailsAcquisition.aspx?idlicitacion=2827-95-LR26
707428-33-LP26,REPOSICIÓN SISTEMA ELÉCTRICO JI PEÑALOLEN,Publicada,LP,FUNDACION EDUCACIONAL PARA EL DESAROLLO INTEGRAL DE LA NIÑEZ,Regional Sur-Oriente,Región Metropolitana de Santiago,Santiago,2026-09-21 16:36,2026-10-14 16:00,,,,,CLP,No,"Fundación Integra requiere contratar el servicio de ejecución de obra de “PROYECTO CONSERVACIÓN 2026 REPOSICIÓN SISTEMA ELÉCTRICO JI PEÑALOLÉN”, bajo el sistema de Suma Alzada para la ejecución de las obras descritas en el proyecto de arquitectura, estructuras, especialidades y especificaciones técnicas de la presente licitación. 
La obra se enmarca en lo establecido por la Ordenanza General de Urbanismo y Construcción y además responde a la normativa de discapacidad, incorporada en este cuerpo normativo.",Ingeniería eléctrica y potencia,electric,https://www.mercadopublico.cl/Procurement/Modules/RFB/DetailsAcquisition.aspx?idlicitacion=707428-33-LP26
3334-24-LE26,Suministro reparaciones mécanicas y eléctricas,Publicada,LE,I MUNICIPALIDAD DE LA UNION,Ilustre Municipalidad de La Unión,Región de Los Ríos,La Unión,2026-10-01 10:44,2026-10-14 16:30,,,,,CLP,No,"Se requiere el Suministro servicios de diagnóstico, mantenimiento preventivo y reparación mecánica y eléctrica para los vehículos del Departamento de salud indicados en las Bases Administrativas y Técnicas, Anexos adjuntos, por un periodo desde octubre 2026 hasta el 30 de septiembre de 2027.",Ingeniería eléctrica y potencia,electric,https://www.mercadopublico.cl/Procurement/Modules/RFB/DetailsAcquisition.aspx?idlicitacion=3334-24-LE26
697-31-CO26,Serv. habilitación electrica para equipo trifasico,Publicada,CO,INSTITUTO ANTARTICO CHILENO,INSTITUTO ANTARTICO CHILENO,Región de Magallanes y de la Antártica,Punta Arenas,2026-10-05 09:20,2026-10-14 17:00,,,,3000000.0,CLP,Sí,"El Instituto Antártico Chileno, en adelante también INACH, requiere la provisión del “Servicio de ejecución eléctrica
para habilitación de alimentación trifásica en el edificio de Laboratorios de INACH”, de acuerdo a lo consignado
en Solicitud de Compra N°218, de fecha 31 de julio de 2026, de la Unidad de Proyectos del INACH.",Ingeniería eléctrica y potencia,electric,https://www.mercadopublico.cl/Procurement/Modules/RFB/DetailsAcquisition.aspx?idlicitacion=697-31-CO26
2018-34-L126,MANTENIMIENTO PARA SISTEMAS DE RESPALDO DE ENERGÍA (UPS) DEL CENTRO DE CONTROL DE ÁREA SANTIAGO,Publicada,L1,DIRECCION GENERAL DE AERONAUTICA CIVIL,UNIDAD DE COMPRA DASA,Región del Biobío ,Concepción,2026-10-06 13:58,2026-10-15 15:00,,,,2781413.0,CLP,Sí,MANTENIMIENTO PARA SISTEMAS DE RESPALDO DE ENERGÍA (UPS) DEL CENTRO DE CONTROL DE ÁREA SANTIAGO,Ingeniería eléctrica y potencia,"respaldo de energia, ups",https://www.mercadopublico.cl/Procurement/Modules/RFB/DetailsAcquisition.aspx?idlicitacion=2018-34-L126
2760-118-LR26,SERVICIOS DE TELECOMUNICACIONES Y OTROS SERVICIOS INFORMÁTICOS PARA LA MUNICIPALIDAD DE CORONEL,Publicada,LR,I MUNICIPALIDAD DE CORONEL,SECRETARIA COMUNAL DE PLANIFICACION,Región del Biobío ,Coronel,2026-09-14 19:27,2026-10-15 15:00,,,,540000000.0,CLP,Sí,SERVICIOS DE TELECOMUNICACIONES Y OTROS SERVICIOS INFORMÁTICOS PARA LA MUNICIPALIDAD DE CORONEL,Telecomunicaciones,telecomunicacion,https://www.mercadopublico.cl/Procurement/Modules/RFB/DetailsAcquisition.aspx?idlicitacion=2760-118-LR26
3880-73-LE26,MANTENCION LUMINARIAS LED DE LA COMUNA 2026 DOM,Publicada,LE,I MUNICIPALIDAD DE MAULE,Municipalidad de Maule,Región del Maule ,Maule,2026-10-05 11:58,2026-10-15 15:00,,,,30000000.0,CLP,Sí,MANTENCION LUMINARIAS LED DE LA COMUNA 2026 DOM. SEGUN BASES Y OTROS ADJUNTOS.,Ingeniería eléctrica y potencia,luminaria,https://www.mercadopublico.cl/Procurement/Modules/RFB/DetailsAcquisition.aspx?idlicitacion=3880-73-LE26
2562-30-LP26,ADQUISICIÓN DE SISTEMA UPS PARA EL AP. AMB,Publicada,LP,DIRECCION GENERAL DE AERONAUTICA CIVIL,UNIDAD DE COMPRA CONTRATOS EXTRANJEROS,Región Metropolitana de Santiago,Providencia,2026-09-21 10:35,2026-10-15 15:01,,,,200000.0,USD,Sí,"Adquirir, mediante importación directa y modalidad llave en mano, un 1 sistema de respaldo de energía UPS de 300 kVA para la subestación eléctrica remota del aeropuerto Arturo Merino Benítez.",Ingeniería eléctrica y potencia,"electric, respaldo de energia, subestacion, ups",https://www.mercadopublico.cl/Procurement/Modules/RFB/DetailsAcquisition.aspx?idlicitacion=2562-30-LP26
697209-4-LE26,PROVISIÓN E INSTALACIÓN DE UN GRUPO ELECTRÓGENO,Publicada,LE,MINISTERIO PUBLICO,FR AYSEN,Región Aysén del General Carlos Ibáñez del Campo,Coyhaique,2026-10-02 11:33,2026-10-15 16:00,,,,35000000.0,CLP,Sí,"Provisión e instalación completa de 1 grupo electrógeno de 41 kVA más su respectivo tablero de transferencia automática, sus conexiones para el edificio institucional y las obras civiles y estructurales necesarias para la correcta ejecución del servicio. Se requiere vista a terreno obligatoria.",Ingeniería eléctrica y potencia,grupo electrogeno,https://www.mercadopublico.cl/Procurement/Modules/RFB/DetailsAcquisition.aspx?idlicitacion=697209-4-LE26
1195104-18-LR26,Red MPLS VoIP Redes Inalámbricas y Seguridad,Publicada,LR,SERVICIO NACIONAL DE MIGRACIONES,SECCIÓN COMPRAS,Región Metropolitana de Santiago,Santiago,2026-09-15 10:23,2026-10-15 17:00,,,,,CLF,No,"El Servicio Nacional de Migraciones requiere la contratación de un servicio integral de telecomunicaciones que asegure la continuidad operativa del servicio, por medio de la selección de un proveedor capaz de suministrar infraestructura de Red MPLS, conectividad dedicada a la nube, telefonía IP, redes inalámbricas y un ecosistema de seguridad perimetral avanzado.",Telecomunicaciones,"telecomunicacion, telefonia ip, voip",https://www.mercadopublico.cl/Procurement/Modules/RFB/DetailsAcquisition.aspx?idlicitacion=1195104-18-LR26
2369-91-LP26,PP 106 Adquisición elementos iluminacion Navidad,Publicada,LP,I MUNICIPALIDAD DE ARICA,SECRETARIA COMUNAL DE PLANIFICACIÓN,Región de Arica y Parinacota,Arica,2026-10-05 16:12,2026-10-16 10:00,,,,,CLP,No,La Municipalidad de Arica requiere adquirir elementos de iluminación y ornamentación para Navidad 2026 en la comuna de Arica.,Ingeniería eléctrica y potencia,iluminacion,https://www.mercadopublico.cl/Procurement/Modules/RFB/DetailsAcquisition.aspx?idlicitacion=2369-91-LP26
3320-33-LE26,077 143174 MANTTO PREVENTIVO UPS CEN,Publicada,LE,FUERZA AEREA DE CHILE COMANDO LOGISTICO,Dpto. de Abastto. del Cuartel General,Región Metropolitana de Santiago,Cerrillos,2026-09-25 16:34,2026-10-16 12:00,,,,11000000.0,CLP,Sí,"El servicio busca mantener la disponibilidad y confiabilidad de los sistemas UPS, detectar oportunamente condiciones de falla, desgaste o degradación de sus componentes, verificar el correcto funcionamiento de los bancos de baterías y demás elementos asociados, reducir los riesgos operacionales derivados de interrupciones o perturbaciones del suministro eléctrico, y contribuir a la preservación de la vida útil de los equipos de respaldo energético, asegurando su operación segura, eficiente y conforme a las recomendaciones de los respectivos fabricantes",Ingeniería eléctrica y potencia,"electric, ups",https://www.mercadopublico.cl/Procurement/Modules/RFB/DetailsAcquisition.aspx?idlicitacion=3320-33-LE26
966131-58-LE26,FORTALECIMIENTO DE SISTEMA DE TELEVIGILANCIA PARA LA COMUNA DE CASTRO,Publicada,LE,I MUNICIPALIDAD DE CASTRO,SECPLAN,Región de los Lagos ,Castro,2026-10-05 10:56,2026-10-16 13:00,,,,9800000.0,CLP,Sí,La necesidad de mejorar las condiciones de seguridad en la comuna de Castro.,Telecomunicaciones,televigilancia,https://www.mercadopublico.cl/Procurement/Modules/RFB/DetailsAcquisition.aspx?idlicitacion=966131-58-LE26
1079639-25-LE26,REPUESTOS GRUPO ELECTRÓGENO TALLERES TIC ZONA,Publicada,LE,DIRECCION DE LOGISTICA DE CARABINEROS,SECCIÓN COMPRAS ZONA DE CARABINEROS LOS LAGOS,Región de los Lagos ,Puerto Montt,2026-10-07 18:08,2026-10-16 15:00,,,,,CLP,No,"ADQUISICIÓN DE REPUESTOS PARA GRUPO ELECTRÓGENO Y OTROS MATERIALES, PARA LOS TALLERES TIC DE LA ZONA LOS LAGOS",Ingeniería eléctrica y potencia,grupo electrogeno,https://www.mercadopublico.cl/Procurement/Modules/RFB/DetailsAcquisition.aspx?idlicitacion=1079639-25-LE26
3253-91-LE26,GENERADOR ELECTRICO Y CARRO DE ARRASTRE,Publicada,LE,I MUNICIPALIDAD DE PELLUHUE,Secretaría de  Planificación,Región del Maule ,Pelluhue,2026-10-08 16:42,2026-10-16 15:00,,,,,CLP,No,ADQUISICION DE 01 GENERADOR ELECTRICO Y 01 CARRO DE ARRASTRE PARA LA ILUSTRE MUNICIPALIDAD DE PELLUHUE,Ingeniería eléctrica y potencia,"electric, generador electric",https://www.mercadopublico.cl/Procurement/Modules/RFB/DetailsAcquisition.aspx?idlicitacion=3253-91-LE26
5349-128-L126,ADQUISICIÓN DE UN EXTRACTOR DE LECHE ELÉCTRICO Y DIEZ SET DE EXTRACCIÓN DE LECHE MATERNA PARA EL HOSPITAL PROVINCIAL DEL HUASCO,Publicada,L1,HOSPITAL PROVINCIAL   DEL HUASCO MSR FERNANDO ARIZTIA RUIZ,Adquisiciones No Clinicas,Región de Atacama ,Vallenar,2026-10-08 11:23,2026-10-16 15:00,,,,3678290.0,CLP,Sí,ADQUISICIÓN DE UN EXTRACTOR DE LECHE ELÉCTRICO Y DIEZ SET DE EXTRACCIÓN DE LECHE MATERNA PARA EL HOSPITAL PROVINCIAL DEL HUASCO,Ingeniería eléctrica y potencia,electric,https://www.mercadopublico.cl/Procurement/Modules/RFB/DetailsAcquisition.aspx?idlicitacion=5349-128-L126
2424-89-L126,SERVICIO DE MANTENIMIENTO DEL SISTEMA DE ALARMAS CONTRA INCENDIOS DEL TEATRO MUNICIPAL DE VIÑA DEL MAR - 120 - 4013 - (V.D.V.),Publicada,L1,I MUNICIPALIDAD DE VINA DEL MAR,I MUNICIPALIDAD DE VINA DEL MAR,Región de Valparaíso ,Viña del Mar,2026-10-06 12:59,2026-10-16 15:30,,,,1593410.0,CLP,Sí,Ped.N° 120 - 4013 - Depto. Infraestructura Recursos Materiales y Seguridad Interna - (v.d.v.),Telecomunicaciones,sistema de alarma,https://www.mercadopublico.cl/Procurement/Modules/RFB/DetailsAcquisition.aspx?idlicitacion=2424-89-L126
4993-78-LP26,Reposición De Luminarias Y Construcción De Tres Paraderos En Calle Prat Comuna De Cholcho.,Publicada,LP,MUNICIPALIDAD DE CHOLCHOL,Secplan,Región de la Araucanía ,Chol Chol,2026-09-16 14:53,2026-10-16 15:30,,,,,CLP,No,"El presente proyecto contempla la Construcción de tres paraderos en calle Prat, Comuna de Cholchol, obra que comprende la construcción de tres paraderos, los cuales vienen a
solucionar problemas de conectividad seguridad y dar cumplimiento a las demandas de la
comunidad, además se contempla la instalación de 20 luminarias LED de 120 W, de cuerpo de aluminio inyectado a presión, driver dimeable con opción de telegestión, con protección porsobretensiones de 10kV/20kA, 220 volts 50 Hz, para altura de montaje de 4 a 12 metros y 121 luminarias LED de 80W, de cuerpo de aluminio inyectado a presión, driver dimeable con opción de telegestión, con protección por sobretensiones de 10kV/20kA, 220 volts 50 Hz, para altura de montaje de 4 a 12 metros.",Ingeniería eléctrica y potencia,luminaria,https://www.mercadopublico.cl/Procurement/Modules/RFB/DetailsAcquisition.aspx?idlicitacion=4993-78-LP26
3090-11-L126,"RETIRO, PROVISIÓN E INSTALACIÓN DE TABLERO Y EMPALME ELECTRICO",Publicada,L1,DIRECCION DE ABASTECIMIENTO DE LA ARMADA,CENTRAL ODONTOLOGICA IIA. ZONA NAVAL,Región del Biobío ,Talcahuano,2026-10-05 11:05,2026-10-16 16:15,,,,6000000.0,CLP,Sí,"Se eleva la necesidad de contratar el servicio de retiro, provisión e instalación de tablero y empalme eléctrico de la Central Odontológica de la Segunda Zona Naval.",Ingeniería eléctrica y potencia,"electric, empalme electric",https://www.mercadopublico.cl/Procurement/Modules/RFB/DetailsAcquisition.aspx?idlicitacion=3090-11-L126
2663-87-L126,"ADQUISICIÓN DE BINGO NUMÉRICO ELÉCTRICO PROFESIONAL, TÓMBOLA Y CARTONES",Publicada,L1,ILUSTRE MUNICIPALIDAD DE NATALES,DEPARTAMENTO ADMINISTRACION Y FINANZAS,Región Metropolitana de Santiago,Las Condes,2026-10-01 16:46,2026-10-16 17:00,,,,2850000.0,CLP,Sí,"Se requiere adquirir equipo de bingo númerico eléctrico profesional, tómbola profesional, tablero marcador de números y cartones de bingo para eventos y actividades propias de DIDECO con organizaciones comunitarias y con la comunidad en general.",Ingeniería eléctrica y potencia,electric,https://www.mercadopublico.cl/Procurement/Modules/RFB/DetailsAcquisition.aspx?idlicitacion=2663-87-L126
3898-17-LE26,INSTALACION LUMINARIAS PEATONALES SECTOR ESPOLON,Publicada,LE,I MUNICIPALIDAD DE FUTALEUFU,Secplan,Región de los Lagos ,Futaleufú,2026-09-29 10:02,2026-10-16 17:00,,,,,CLP,No,Se requiere contratar instalación de luminarias fotovoltaicas para Puerto Calderón y Puerto Poletto. SPD,Ingeniería eléctrica y potencia,"fotovoltaic, luminaria",https://www.mercadopublico.cl/Procurement/Modules/RFB/DetailsAcquisition.aspx?idlicitacion=3898-17-LE26
1075963-331-LE26,SERVICIO DE ARRIENDO DE SERVIDORES UPS Y STORAGE,Publicada,LE,SERVICIO DE SALUD ARICA HOSP DR JUAN NOE CREVANI,Hospital Juan Noé,Región de Arica y Parinacota,Santiago,2026-10-05 08:56,2026-10-16 17:30,,,,,CLP,No,"SERVICIO DE ARRIENDO DE SERVIDORES, UPS Y STORAGE",Ingeniería eléctrica y potencia,ups,https://www.mercadopublico.cl/Procurement/Modules/RFB/DetailsAcquisition.aspx?idlicitacion=1075963-331-LE26
1238177-19-LP26,MANTENCIÓN DE CÁMARAS Y REDES DE TELEVIGILANCIA,Publicada,LP,ASOCIACION DE MUNICIPIOS METROPOLITANOS PARA LA SEGURIDAD CIUDADANA,PROYECTO SEGURIDAD PROVIDENCIA,Región Metropolitana de Santiago,Providencia,2026-09-01 12:54,2026-10-16 18:00,,,,225000000.0,CLP,Sí,"El objetivo del presente proceso es contratar, por un período de 24 meses, el servicio de mantención preventiva y correctiva de los puntos y de la red de videovigilancia propiedad de la Asociación. Dichos equipos se encuentran emplazados, en su mayoría, en fachadas, azoteas, muros perimetrales y estructuras elevadas que visualizan el Bien Nacional de Uso Público BNUP, en el marco de Convenios Público-Privados.",Telecomunicaciones,televigilancia,https://www.mercadopublico.cl/Procurement/Modules/RFB/DetailsAcquisition.aspx?idlicitacion=1238177-19-LP26
3833-62-LE26,SERVICIO CONSERVACION CAMARAS DE TELEVIGILANCIAS,Publicada,LE,I MUNICIPALIDAD DE RIO BUENO,I MUNICIPALIDAD DE RIO BUENO,Región de Los Ríos,Río Bueno,2026-10-08 16:31,2026-10-16 19:56,,,,9000000.0,CLP,Sí,"REQ N31559, servicio de reparación, mantención preventiva y correctiva, reposición y adecuación del sistema de cámaras de televigilancia en espacios públicos de la comuna de Río Bueno, garantizando la continuidad, operatividad y confiabilidad permanente del sistema de monitoreo municipal.",Telecomunicaciones,"camaras de televigilancia, televigilancia",https://www.mercadopublico.cl/Procurement/Modules/RFB/DetailsAcquisition.aspx?idlicitacion=3833-62-LE26
2175-14-LE26,REP. Y NORMALIZACIÓN DEL SISTEMA ELÉCTRICO JGDDA,Publicada,LE,CORP ADMINISTRATIVA DEL PODER JUDICIAL,Corp. Adm. del Poder Judicial - Copiapó,Región de Atacama ,Copiapó,2026-10-02 09:23,2026-10-16 20:00,,,,,CLP,No,REPARACIÓN Y NORMALIZACIÓN DEL SISTEMA ELÉCTRICO JUZGADO DE GARANTÍA DE DIEGO DE ALMAGRO,Ingeniería eléctrica y potencia,electric,https://www.mercadopublico.cl/Procurement/Modules/RFB/DetailsAcquisition.aspx?idlicitacion=2175-14-LE26
3882-86-LS26,Asesoria a la Inspección tecnica de Obras Civiles CONSERVACIÓN CALLES JOSÉ MIGUEL CARRERA ANDRÉS BELLO Y ALCIDES VARGAS LLAY LLAY,Publicada,LS,I MUNICIPALIDAD DE LLAY LLAY,Ilustre Municipalidad de Llay Llay,Región de Valparaíso ,Llay-Llay,2026-09-03 13:38,2026-10-18 15:00,,,,,CLP,No,"Se requiere profesional para el apoyo a la Inspección Técnicas de obras del proyecto de obras civiles CONSERVACIÓN CALLES JOSÉ MIGUEL CARRERA, ANDRÉS BELLO Y ALCIDES VARGAS, COMUNA DE LLAY LLAY, CÓDIGO BIP 40069794-0”",Construcción y montaje,inspeccion tecnica de obra,https://www.mercadopublico.cl/Procurement/Modules/RFB/DetailsAcquisition.aspx?idlicitacion=3882-86-LS26
1110404-225-L126,IMPLEMENTACIÓN DE ENLACES DE FIBRA ÓPTICA Y PUNTOS DE RED PARA EL COLEGIO EDUARDO FREI MONTALVA PERTENECIENTE AL SLEP DE CHINCHORRO,Publicada,L1,SERVICIO LOCAL DE EDUCACION DE CHINCHORRO,SLEPCH - EE - Programa 02,Región de Arica y Parinacota,Arica,2026-10-07 17:35,2026-10-19 15:00,,,,4179073.0,CLP,Sí,IMPLEMENTACIÓN DE ENLACES DE FIBRA ÓPTICA Y PUNTOS DE RED PARA EL COLEGIO EDUARDO FREI MONTALVA PERTENECIENTE AL SLEP DE CHINCHORRO,Telecomunicaciones,fibra optica,https://www.mercadopublico.cl/Procurement/Modules/RFB/DetailsAcquisition.aspx?idlicitacion=1110404-225-L126
1153624-22-LE26,Servicio enlace de datos de internet,Publicada,LE,SUBSECRETARIA DE RELACIONES ECONOMICAS INTERNACIONALES,Departamento Adquisiciones MN,Región Metropolitana de Santiago,Santiago,2026-09-30 11:33,2026-10-19 15:00,,,,,CLP,No,La Subsecretaría de Relaciones Económicas Internacionales invita a participar en el proceso de contratación de Servicios de enlace de datos de internet de la Subsecretaría de Relaciones Económicas Internacionales.,Telecomunicaciones,enlace de datos,https://www.mercadopublico.cl/Procurement/Modules/RFB/DetailsAcquisition.aspx?idlicitacion=1153624-22-LE26
1469-271-L126,SISTEMA DE DISTRIBUCIÓN ELÉCTRICA MÓDULOS DE CULTIVO” UNIVERSIDAD DE TALCA,Publicada,L1,UNIVERSIDAD DE TALCA,Universidad de Talca,Región del Maule ,Talca,2026-10-09 17:40,2026-10-19 15:00,,,,1300000.0,CLP,Sí,"La Universidad de Talca requiere la configuración del sistema de distribución eléctrica de módulos de cultivo de hongo de bajo costo, con el propósito de habilitar las conexiones y circuitos eléctricos necesarios para la instalación y funcionamiento seguro y adecuado de los distintos equipos que serán utilizados
en las unidades de producción.",Ingeniería eléctrica y potencia,electric,https://www.mercadopublico.cl/Procurement/Modules/RFB/DetailsAcquisition.aspx?idlicitacion=1469-271-L126
2324-118-LP26,LICITACIÓN PÚBLICA N°532026 SERVICIO DE MANTENCIÓN DE ALUMBRADO PÚBLICO PERIODO 2026 DEPARTAMENTO ELÉCTRICO MUNICIPALIDAD DE PUERTO MONTT,Publicada,LP,I MUNICIPALIDAD DE PUERTO MONTT,Departamento de Licitaciones y gestión de Abastecimiento ,Región de los Lagos ,,2026-09-29 17:05,2026-10-19 15:00,,,,100000000.0,CLP,Sí,SERVICIO DE MANTENCIÓN DE ALUMBRADO PÚBLICO,Ingeniería eléctrica y potencia,"alumbrado, electric",https://www.mercadopublico.cl/Procurement/Modules/RFB/DetailsAcquisition.aspx?idlicitacion=2324-118-LP26
2597-27-LR26,SERVICIO INTEGRAL DE TELEVIGILANCIA Y GUARDIAS,Publicada,LR,I MUNICIPALIDAD DE CONCON,SECPLAC,Región de Valparaíso ,Concón,2026-09-17 10:54,2026-10-19 15:00,,,,3655109520.0,CLP,Sí,"LA I. MUNICIPALIDAD DE CONCON REQUIERES LA CONTRATACION Y EJECUCION DEL SERVICIO INTEGRAL DE TELEVIGILANCIA Y GUARDIAS PRIVADOS PARA DEPENDENCIAS DE LA I. MUNICIPALIDAD DE CONCON, SEGUN BASES TECNICAS Y DEMAS ANTECEDENTES QUE COMPONEN LA PROPUESTA.",Telecomunicaciones,televigilancia,https://www.mercadopublico.cl/Procurement/Modules/RFB/DetailsAcquisition.aspx?idlicitacion=2597-27-LR26
2673-52-LR26,Servicio de Internet Firewall y Telefonía IP,Publicada,LR,ILUSTRE MUNICIPALIDAD DE MELIPILLA,SECRETARIA PLANIFICACION,Región Metropolitana de Santiago,Melipilla,2026-09-17 16:24,2026-10-19 15:00,,,,,CLP,No,"La Ilustre Municipalidad de Melipilla requiere la contratación de un servicio integral de comunicaciones que contemple enlaces de datos, acceso a Internet, servicios de seguridad perimetral gestionada firewall, central telefónica cloud y telefonía IP implementados bajo arquitectura SD-WAN",Telecomunicaciones,telefonia ip,https://www.mercadopublico.cl/Procurement/Modules/RFB/DetailsAcquisition.aspx?idlicitacion=2673-52-LR26
564162-130-LE26,CALIBRADOR DE PROBADOR ELÉCTRICO,Publicada,LE,UNIVERSIDAD DE SANTIAGO DE CHILE,VICERRECTORIA DE INVESTIGACION Y DESARROLLO,Región Metropolitana de Santiago,Estación Central,2026-10-05 11:23,2026-10-19 15:00,,,,14570.36,USD,Sí,"La Universidad de Santiago de Chile requiere la adquision de un calibrador  de probador eléctrico. El equipo permite verificar y calibrar instrumentos para impedancia de lazo, dispositivos diferenciales RCD, resistencia de aislamiento y continuidad eléctrica, cubriendo diversas funciones presentes en equipos multifunción utilizados por empresas del sector eléctrico.",Ingeniería eléctrica y potencia,electric,https://www.mercadopublico.cl/Procurement/Modules/RFB/DetailsAcquisition.aspx?idlicitacion=564162-130-LE26
1048-81-LE26,ADQ. VESTUARIO Y EPP PERSONAL LUMINARIA - 3ER LLAMADO,Publicada,LE,I MUNICIPALIDAD DE EL TABO,I MUNICIPALIDAD DE EL TABO,Región de Valparaíso ,El Tabo,2026-10-08 12:00,2026-10-19 15:01,,,,7498400.0,CLP,Sí,PROVEER DE VESTUARIO Y ELEMENTOS DE PROTECCION PERSONAL A LOS FUNCIONARIOS DEL DEPARTAMENTO DE LUMINARIA Y ALUMBRADO PUBLICO.,Ingeniería eléctrica y potencia,"alumbrado, luminaria",https://www.mercadopublico.cl/Procurement/Modules/RFB/DetailsAcquisition.aspx?idlicitacion=1048-81-LE26
1388961-50-LP26,Serv. de Normalización y Arreglos Eléctricos AMSZO,Publicada,LP,ASOCIACION DE MUNICIPALIDADES PARA LA SEGURIDAD CIUDADANA EN LA ZONA ORIENTE,Asociación de Municipalidades para la Seguridad en la Zona Oriente,Región Metropolitana de Santiago,Lo Barnechea,2026-09-29 16:01,2026-10-19 15:01,,,,,CLP,No,"El presente proceso tiene por objeto la contratación del servicio de normalización y ejecución de mejoras en las instalaciones eléctricas del edificio AMSZO, conforme a las presentes bases.
El proyecto será ejecutado de manera programada y por etapas, conforme a la siguiente estructura referencial:
Etapa 1: Normalización instalaciones 3° piso año 2026
Etapa 2: Normalización instalaciones 2° piso año 2026
Etapa 3: Normalización instalaciones 1° piso, zócalo y obras generales del sistema eléctrico, incluyendo empalme, puesta a tierra, integración del sistema y certificación TE-1 ante la SEC año 2027",Ingeniería eléctrica y potencia | Construcción y montaje,"electric, instalaciones electric, puesta a tierra",https://www.mercadopublico.cl/Procurement/Modules/RFB/DetailsAcquisition.aspx?idlicitacion=1388961-50-LP26
2775-120-LE26,ADQUISICIÓN SUMINISTRO TRASLADO Y PUESTA EN MARCHA DE GRUPO ELECTRÓGENO DIÉSEL INSONORIZADO 100 KVA80 KW DE POTENICA PRIME Y 110 KVA88 KW DE POTENCIA STANBY 230400 VOLT 50 HZ 1500 RPM,Publicada,LE,I MUNICIPALIDAD DE RENGO,SECPLAC,Región del Libertador General Bernardo O´Higgins,Rengo,2026-10-08 11:46,2026-10-19 15:01,,,,,CLP,No,"ADQUISICIÓN, SUMINISTRO, TRASLADO Y PUESTA EN MARCHA DE GRUPO ELECTRÓGENO DIÉSEL INSONORIZADO, 100 KVA/80 KW DE POTENICA PRIME Y 110 KVA/88 KW DE POTENCIA STANBY, 230/400 VOLT, 50 HZ, 1500 RPM",Ingeniería eléctrica y potencia,grupo electrogeno,https://www.mercadopublico.cl/Procurement/Modules/RFB/DetailsAcquisition.aspx?idlicitacion=2775-120-LE26
584105-39-LE26,CONTRATACIÓN DE ELABORACIÓN Y EJECUCIÓN DE UN PLAN DE MEDIOS PARA LA DIFUSIÓN DE EFICIENCIA ENERGÉTICA PARA LA SUBSECRETARÍA DE ENERGÍA,Publicada,LE,SUBSECRETARIA DE ENERGIA,P01,Región Metropolitana de Santiago,,2026-10-06 10:03,2026-10-19 15:01,,,,,CLP,No,"E102RT9 CONTRATACIÓN DE ELABORACIÓN Y EJECUCIÓN DE UN PLAN DE MEDIOS PARA LA DIFUSIÓN DE EFICIENCIA ENERGÉTICA, PARA LA SUBSECRETARÍA DE ENERGÍA",Ingeniería eléctrica y potencia,eficiencia energetica,https://www.mercadopublico.cl/Procurement/Modules/RFB/DetailsAcquisition.aspx?idlicitacion=584105-39-LE26
3764-56-LE26,SUM. MANTENCIÓN Y REPARACIÓN ALUMBRADO PÚBLICO,Publicada,LE,I MUNICIPALIDAD DE NANCAGUA,I MUNICIPALIDAD DE NANCAGUA,Región del Libertador General Bernardo O´Higgins,Nancagua,2026-10-07 09:39,2026-10-19 15:02,,,,10000000.0,CLP,Sí,SUMINISTRO MANTENCIÓN Y REPARACIÓN DE ALUMBRADO PÚBLICO OCTUBRE A DICIEMBRE. VER BASES BASES ADMINISTRATIVAS ESPECIALES CON REQUERIMIENTOS Y CONDICIONES DEL SERVICIO.,Ingeniería eléctrica y potencia,alumbrado,https://www.mercadopublico.cl/Procurement/Modules/RFB/DetailsAcquisition.aspx?idlicitacion=3764-56-LE26
587-40-LE26,Selico 115-2026. Control de acceso y alarma,Publicada,LE,SUBSECRETARIA DEL MINISTERIO DE LA VIVIENDA Y URBANISMO,Ministerio de Vivienda y Urbanismo(766),Región Metropolitana de Santiago,,2026-09-22 16:48,2026-10-19 15:10,,,,1290.0,CLF,Sí,"Servicio de habilitación, mantención trimestral preventiva y mantenciones correctivas de los sistemas de control de acceso y alarma del MINVU y sus dependencias, por un período de treinta y seis 36 meses, con el propósito de asegurar el funcionamiento de los sistemas de seguridad con que cuenta esta Secretaría de Estado.",Telecomunicaciones,control de acceso,https://www.mercadopublico.cl/Procurement/Modules/RFB/DetailsAcquisition.aspx?idlicitacion=587-40-LE26
1057049-372-LE26,MCO CONTRATACIÓN DE SUMINISTRO ARTÍCULOS ELEMENTOS Y OTROS RELACIONADOS A MANTENCIÓN ELÉCTRICA DEL HOSPITAL CLÍNICO SAN BORJA ARRIARÁN,Publicada,LE,SERV SALUD METROPOLITANO CENTRAL HOSPITAL CLINICO SAN BORJA ARRIARAN,Bienes y Servicios,Región Metropolitana de Santiago,Santiago,2026-10-08 14:57,2026-10-19 15:30,,,,,CLP,No,"CONTRATACIÓN DE SUMINISTRO ARTÍCULOS, ELEMENTOS Y OTROS, RELACIONADOS A MANTENCIÓN ELÉCTRICA DEL HOSPITAL CLÍNICO SAN BORJA ARRIARÁN",Ingeniería eléctrica y potencia | Construcción y montaje,"electric, mantencion electric",https://www.mercadopublico.cl/Procurement/Modules/RFB/DetailsAcquisition.aspx?idlicitacion=1057049-372-LE26
2546-58-LE26,PROP PUBL N84 HERRAMIENTAS ELECTRICAS Y MANUALES,Publicada,LE,I MUNICIPALIDAD DE PADRE LAS CASAS,MUNICIPALIDAD DE PADRE LAS CASAS,Región de la Araucanía ,Padre Las Casas,2026-10-05 13:06,2026-10-19 15:30,,,,11900000.0,CLP,Sí,PROPUESTA PUBLICA N84 HERRAMIENTAS ELECTRICAS Y HERRAMIENTAS MANUALES ESPECÍFICAS.,Ingeniería eléctrica y potencia,electric,https://www.mercadopublico.cl/Procurement/Modules/RFB/DetailsAcquisition.aspx?idlicitacion=2546-58-LE26
552010-11-LE26,SISTEMA ELECTRICO COMPLEJO RIO ENCUENTRO PALENA,Publicada,LE,DELEGACIÓN PRESIDENCIAL PROVINCIAL DE PALENA,COMPLEJOS FRONTERIZOS,Región de los Lagos ,Chaitén,2026-10-08 16:35,2026-10-19 15:30,,,,,CLP,No,"Normalización del Sistema Eléctrico del Complejo Fronterizo Río Encuentro, comuna de Palena, Provincia de Palena",Ingeniería eléctrica y potencia,electric,https://www.mercadopublico.cl/Procurement/Modules/RFB/DetailsAcquisition.aspx?idlicitacion=552010-11-LE26
1443565-6-LE26,IMPLEMENTACIÓN SISTEMA ELECTRICO PAMPA CONCORDIA,Publicada,LE,INIA,URURI,Región de Arica y Parinacota,Arica,2026-10-07 13:33,2026-10-19 16:00,,,,50000000.0,CLP,Sí,"INIA requiere contratar servicios necesarios para la conexión a la red eléctrica del centro regional Ururi ubicado en LOTE E-2 y sus equipos de campo, como así también la implementación eléctrica de un sistema de bombeo solar para su pozo subterráneo D-5, ubicado en la Concordia, incluyendo el servicio de ingeniería, montaje, obras civiles y suministro de materiales para la instalación y entrega en completo funcionamiento de ambos suministros eléctricos.",Ingeniería eléctrica y potencia,electric,https://www.mercadopublico.cl/Procurement/Modules/RFB/DetailsAcquisition.aspx?idlicitacion=1443565-6-LE26
1743-80-LE26,SISTEMAS DE AMPLIFICACIÓN ILUMINACION PANTALLA,Publicada,LE,I MUNICIPALIDAD DE LITUECHE,I MUNICIPALIDAD DE LITUECHE,Región del Libertador General Bernardo O´Higgins,Litueche,2026-10-07 17:33,2026-10-19 16:00,,,,,CLP,No,"CONTRATACIÓN DE SISTEMAS DE AMPLIFICACIÓN, ILUMINACIÓN, PANTALLA LED Y OTROS, VIGÉSIMA PRIMERA FIESTA DEL CORDERO AÑO 2026.",Ingeniería eléctrica y potencia,iluminacion,https://www.mercadopublico.cl/Procurement/Modules/RFB/DetailsAcquisition.aspx?idlicitacion=1743-80-LE26
3134-99-LE26,SERVIDOR DE MONTAJE EN RACK ESTÁNDAR DE 19 PULGADA,Publicada,LE,DIRECCION DE ABASTECIMIENTO DE LA ARMADA,DIRECCION GENERAL DEL TERRITORIO MARITIMO Y M.M.,Región de Valparaíso ,Valparaíso,2026-10-08 12:26,2026-10-19 16:00,,,,22970871.0,CLP,Sí,"a.	Las presentes bases tienen por objeto establecer las normas y procedimientos que regirán la contratación por parte de la Dirección General del Territorio Marítimo y de Marina Mercante, en adelante la DIRECTEMAR, para efectuar la adquisición de un 1 servidor de montaje en rack estándar de 19 pulgadas, para el Departamento de Finanzas, el cual deberán ajustarse a las especificaciones señaladas en las bases técnicas.
b.	En el caso que, en las presentes bases de licitación, sus bases técnicas y documentos anexos se haga mención a una marca específica, será solo de manera referencial, admitiéndose la oferta de artículos equivalentes, los cuales deberán cumplir con los requerimientos técnicos establecidos en las bases de licitación.",Telecomunicaciones,rack,https://www.mercadopublico.cl/Procurement/Modules/RFB/DetailsAcquisition.aspx?idlicitacion=3134-99-LE26
4290-65-LE26,Adq. e implementación sistema de televigilancia,Publicada,LE,I MUNICIPALIDAD DE LIMACHE,Secpla - MUNICIPALIDAD LIMACHE,Región de Valparaíso ,Limache,2026-10-06 11:27,2026-10-19 16:00,,,,,CLP,No,ADQUISICIÓN E IMPLEMENTACIÓN DE SISTEMA DE TELEVIGILANCIA RED OJO RURAL LIMACHE VIVE MÁS SEGURO,Telecomunicaciones,televigilancia,https://www.mercadopublico.cl/Procurement/Modules/RFB/DetailsAcquisition.aspx?idlicitacion=4290-65-LE26
5360-7-LE26,Adq e inst de sistema de radiocomunicación UHF,Publicada,LE,UNIVERSIDAD DE TARAPACA,DIRECCIÓN DE SERVICIOS Y  LOGÍSTICA,Región de Arica y Parinacota,Arica,2026-09-24 16:19,2026-10-19 16:00,,,,19000000.0,CLP,Sí,Adquirir un sistema de radiocomunicación digital UHF de última generación de acuerdo a Especificaciones Técnicas definidas en Anexo N2. El contrato se formalizará mediante orden de compra. Con cargo al Centro de Costo 188 Unidad de Servicios y Logística.,Telecomunicaciones,"radiocomunicacion, uhf",https://www.mercadopublico.cl/Procurement/Modules/RFB/DetailsAcquisition.aspx?idlicitacion=5360-7-LE26
1105450-3-LE26,SERVICIO DE ARRIENDO MODULACIÓN- SISTEMA ELÉCTRICO,Publicada,LE,I MUNICIPALIDAD DE FUTRONO,DIRECCION DE TURISMO Y DESARROLLO ESTRATEGICO,Región de Los Ríos,Futrono,2026-10-09 08:44,2026-10-19 16:19,,,,,CLP,No,"Se solicita la contratación del servicio de arriendo de modulación, sistema eléctrico y sistema de 
iluminación para el desarrollo del evento “Sabores y Sensaciones del Ranco”, a efectuarse entre los 
días 29 de octubre al 01 de noviembre de 2026. 
El evento se desplegará en Bahía Coique, instancia en la cual la municipalidad de Futrono participa 
como entidad colaboradora. 
Esta actividad busca poner en valor la gastronomía nacional y los productos del territorio, 
fortalecimiento una iniciativa de la zona que constituye a la promoción turística, la generación de 
actividad económica y la visibilización de emprendedores y productos locales 
La contratación de estos servicios resulta necesaria para disponer de la infraestructura y condiciones 
técnicas adecuadas para la correcta ejecución y funcionamiento del evento, constituyendo parte del 
apoyo municipal a esta iniciativa de interés turístico y productivo para la comuna y el territorio",Ingeniería eléctrica y potencia,"electric, iluminacion",https://www.mercadopublico.cl/Procurement/Modules/RFB/DetailsAcquisition.aspx?idlicitacion=1105450-3-LE26
1035-25-L126,Servicio de cambio de sistema eléctrico dependencias  oficina Paredones Conaf Pichilemu Región de O’Higgins.,Publicada,L1,CORP NACIONAL FORESTAL,VI - Oficina Regional y Prov. Cachapoal,Región del Libertador General Bernardo O´Higgins,Rancagua,2026-10-08 16:22,2026-10-19 16:22,,,,4500000.0,CLP,Sí,"ESPECIFICACIONES TÉCNICAS :
 1.- Servicio de cambio de sistema eléctrico oficina Paredones:
 - Instalación de canaletas accesorios y cajas
- Cableado de toda la red eléctrica
- Instalación de tablero eléctrico y conexionado
- Instalación de artefactos ( enchufes y luminarias
- Plano y certificación eléctrica 
Se debe considerar mano de obra y materiales",Ingeniería eléctrica y potencia,"electric, luminaria, tablero electric",https://www.mercadopublico.cl/Procurement/Modules/RFB/DetailsAcquisition.aspx?idlicitacion=1035-25-L126
1074010-12-LP26,Mantención de instalaciones eléctricas para el EMB,Publicada,LP,SUBSECRETARIA DEL INTERIOR,Administración Edificio Moneda Bicentenario,Región Metropolitana de Santiago,Santiago,2026-09-29 12:46,2026-10-19 17:00,,,,,CLF,No,"La Subsecretaría del Interior requiere contratar los servicios de mantenimiento de instalaciones eléctricas, tanto preventivas, correctivas yo situaciones de urgencia o emergencias del Edificio Moneda Bicentenario, ubicado en Moneda 1326, comuna Santiago, cuyo objetivo es prevenir discontinuidades operativas del equipamiento objeto del contrato.",Ingeniería eléctrica y potencia | Construcción y montaje,"electric, instalaciones electric",https://www.mercadopublico.cl/Procurement/Modules/RFB/DetailsAcquisition.aspx?idlicitacion=1074010-12-LP26
3328-106-LE26,VAG161108MANTTO 02 GRUPOS ELECTROGENOSDAG,Publicada,LE,FUERZA AEREA DE CHILE COMANDO LOGISTICO,"Hospital Clinico "" General Dr. Raúl Yazigi J.""",Región Metropolitana de Santiago,Las Condes,2026-10-07 09:17,2026-10-19 17:29,,,,8058360.0,CLP,Sí,VAG/161108/MANTTO 02 GRUPOS ELECTROGENOS/DAG,Ingeniería eléctrica y potencia,grupos electrogeno,https://www.mercadopublico.cl/Procurement/Modules/RFB/DetailsAcquisition.aspx?idlicitacion=3328-106-LE26
4464-46-LE26,ADQUISICIÓN DE ADQUISICIÓN DE EQUIPOS ELÉCTRICOS PARA LA UNIDAD DE ELECTRICIDAD DEL HOSPITAL DE CURICÓ,Publicada,LE,SERVICIO DE SALUD DEL MAULE HOSPITAL DE CURICO,SERVICIOS OPERACIONALES,Región del Maule ,,2026-10-08 16:12,2026-10-19 18:35,,,,,CLP,No,IMPLEMENTAR EQUIPOS DE DETECCION DE FALLAS ELECTRICAS,Ingeniería eléctrica y potencia,electric,https://www.mercadopublico.cl/Procurement/Modules/RFB/DetailsAcquisition.aspx?idlicitacion=4464-46-LE26
2736-40-LE26,Materiales eléctricos,Publicada,LE,I MUNICIPALIDAD DE ANGOL,MUNICIPAL,Región de la Araucanía ,Angol,2026-10-09 11:07,2026-10-19 19:54,,,,30000000.0,CLP,Sí,"Materiales eléctricos para alumbrado público, solicitado por D. José Luis Bustamante Oporto, Administrador Municipal.",Ingeniería eléctrica y potencia,"alumbrado, electric",https://www.mercadopublico.cl/Procurement/Modules/RFB/DetailsAcquisition.aspx?idlicitacion=2736-40-LE26
1894-30-LE26,DVO-ADQUISICIÓN MATERIALES CAD,Publicada,LE,MINISTERIO DE OBRAS PUBLICAS DIREC CION GRAL DE OO PP DCYF,Dirección de Vialidad - X Región - Provincia de Osorno,Región de los Lagos ,Osorno,2026-10-08 14:31,2026-10-19 20:00,,,,,CLP,No,"Suministro y adquisición de insumos para diversos trabajos realizados por la Unidad de Puentes y Señales para la conservación de la red vial administración directa del Depto. Conservación, Provincia de Osorno, Región de Los Lagos",Dibujo técnico 2D/3D,cad,https://www.mercadopublico.cl/Procurement/Modules/RFB/DetailsAcquisition.aspx?idlicitacion=1894-30-LE26
918434-15-L126,"SERVICIO DE GASFITERÍA, MANTENCIÓN ELÉCTRICA, CARPINTERÍA, CERRAJERÍA Y TRABAJOS MENORES CORRECTIVOS (INCLUYE MATERIALES).",Publicada,L1,MINISTERIO DE LA MUJER Y LA EQUIDAD DE GÉNERO,MINISTERIO DE LA MUJER Y LA EQUIDAD DE GÉNERO,Región Metropolitana de Santiago,Santiago,2026-10-06 11:03,2026-10-19 20:02,,,,5000000.0,CLP,Sí,"Contratación eventual de servicio de gasfitería, mantención eléctrica, carpintería, cerrajería y trabajos menores correctivos (incluye materiales).",Ingeniería eléctrica y potencia | Construcción y montaje,"electric, mantencion electric",https://www.mercadopublico.cl/Procurement/Modules/RFB/DetailsAcquisition.aspx?idlicitacion=918434-15-L126
1409-15-LE26,Servicio arriendo red de datos e internet,Publicada,LE,DIRECCION GENERAL DE AERONAUTICA CIVIL,UNIDAD DE COMPRA PUERTO MONTT,Región de los Lagos ,Puerto Montt,2026-09-29 16:29,2026-10-20 10:00,,,,,CLP,No,"se requiere contratar el servicio de arriendo red de datos e internet para el aeropuerto el Tepual de Puerto Montt, por un periodo de 36 meses.",Telecomunicaciones,red de datos,https://www.mercadopublico.cl/Procurement/Modules/RFB/DetailsAcquisition.aspx?idlicitacion=1409-15-LE26
2594-25-LP26,MANTENCION ALUMBRADO PUBLICO CONCON,Publicada,LP,I MUNICIPALIDAD DE CONCON,I.MUNICIPALIDAD DE CONCON,Región de Valparaíso ,Concón,2026-09-30 17:04,2026-10-20 10:04,,,,,CLP,No,MANTENER EL ALUMBRADO PUBLOC DE CONCON 100 % EN FUNCIONAMIENTO,Ingeniería eléctrica y potencia,alumbrado,https://www.mercadopublico.cl/Procurement/Modules/RFB/DetailsAcquisition.aspx?idlicitacion=2594-25-LP26
2770-153-LE26,SUMINISTRO DE COMBUSTIBLE PARA MAQUINARIA Y GRUPOS ELECTRÓGENOS DE LA I. MUNICIPALIDAD DE MAIPÚ,Publicada,LE,I MUNICIPALIDAD DE MAIPU,I MUNICIPALIDAD DE MAIPU,Región Metropolitana de Santiago,,2026-10-08 13:30,2026-10-20 12:00,,,,30000000.0,CLP,Sí,"La presente licitación tiene por objeto la contratación de suministro continuo, oportuno y seguro de 
combustibles, específicamente gasolina y diésel, destinados a garantizar la operación y continuidad de 
funcionamiento de la maquinaria municipal y grupos electrógenos pertenecientes a la Ilustre 
Municipalidad de Maipú. 
El suministro deberá asegurar la disponibilidad permanente de combustible para los distintos equipos 
utilizados por el municipio, considerando tanto situaciones de operación normal como contingencias o 
emergencias que requieran mantener la continuidad de los servicios municipales esenciales. 
Los equipos y maquinarias objeto del presente suministro corresponden, principalmente, a: 
• Grupos electrógenos estacionarios: Instalados de forma permanente y anclados en distintos 
recintos municipales, destinados a respaldar el suministro eléctrico ante cortes de energía u otras 
contingencias. 
• Grupos electrógenos en plantas de agua potable (SMAPA): Ubicados en plantas de agua potable y 
otras instalaciones críticas, cuyo funcionamiento resulta indispensable para asegurar la continuidad 
operativa de servicios esenciales de la comunidad. 
• Maquinaria menor: Incluyendo, entre otros equipos, cortadoras de césped, cortadoras de 
pavimento, generadores eléctricos portátiles y demás equipos motorizados utilizados en labores de 
mantención, obras menores y operaciones municipales. 
Bases Administrativas: 
“SUMINISTRO DE COMBUSTIBLE PARA MAQUINARIA Y GRUPOS ELECTRÓGENOS DE LA I. MUNICIPALIDAD DE MAIPÚ” 
Página 2 de 33 
El suministro se realizará mediante un sistema de compra controlada a través de tarjetas electrónicas 
administradas por el Departamento de Movilización, dependiente de la Dirección de Administración y 
Finanzas, con el propósito de asegurar la continuidad operativa de los servicios municipales y del 
Servicio Municipal de Agua Potable y Alcantarillado (SMAPA), en beneficio de la comunidad.",Ingeniería eléctrica y potencia,"electric, generadores electric, grupos electrogeno",https://www.mercadopublico.cl/Procurement/Modules/RFB/DetailsAcquisition.aspx?idlicitacion=2770-153-LE26
1715-4-LE26,SERVICIO DE INTERNET TELEFONÍA IP Y EQUIPAMIENTO,Publicada,LE,CORPORACION DE ASISTENCIA JUDICIAL DE LA REGION DEL BIO BIO,Corp. de Asistencia Judicial Región del Bío-Bío,Región del Biobío ,Concepción,2026-10-09 15:48,2026-10-20 15:00,,,,9720000.0,CLP,Sí,"La Corporación de Asistencia Judicial de la Región del Biobío, requiere la contratación de internet, telefonía IP y equipamiento necesario, por un plazo de 24 meses, para los pisos 8 y 9 del edificio “La Araucana” en Concepción.",Telecomunicaciones,telefonia ip,https://www.mercadopublico.cl/Procurement/Modules/RFB/DetailsAcquisition.aspx?idlicitacion=1715-4-LE26
1978-127-L126,PROVISIÓN E INSTALACION DE SISTEMA DE RADIOCOMUNICACION VHF/HF SSMAULE,Publicada,L1,SERVICIO DE SALUD DEL MAULE,Servicio de Salud del Maule,Región del Maule ,Talca,2026-10-06 17:00,2026-10-20 15:30,,,,2382672.0,CLP,Sí,"Contratar el suministro e instalación de un mástil con antena radiante VHF y otra HF, el cableado de conexión correspondiente y su enlace a los equipos de radiocomunicación VHF y HF ya disponibles en el Edificio España, incluyendo la gestión integral, por parte del proveedor adjudicado, del trámite de “Aviso de Instalación” ante la Dirección de Obras Municipales de la Municipalidad de Talca, de manera de dejar operativo el sistema de radiocomunicación institucional en dicho recinto, con pleno cu",Telecomunicaciones,"radiocomunicacion, vhf",https://www.mercadopublico.cl/Procurement/Modules/RFB/DetailsAcquisition.aspx?idlicitacion=1978-127-L126
1005498-23-LE26,Servicio de enlace de datos punto a punto alameda-,Publicada,LE,COMISION PARA EL MERCADO FINANCIERO,COMISION PARA EL MERCADO FINANCIERO,Región Metropolitana de Santiago,Santiago Centro,2026-10-05 11:16,2026-10-20 16:00,,,,16100000.0,CLP,Sí,"La CMF llama a presentar ofertas en la licitación pública para la contratación del servicio de enlace de datos punto a punto alameda-moneda, según las especificaciones que se han definido en las presentes bases administrativas, técnicas y sus anexos.",Telecomunicaciones,enlace de datos,https://www.mercadopublico.cl/Procurement/Modules/RFB/DetailsAcquisition.aspx?idlicitacion=1005498-23-LE26
2126-81-LE26,CONVENIO POR ADQUISICIÓN DE REPETIDORES MANTENIMIENTO Y PUESTA EN MARCHA DE RADIOS HF Y VHF DEL HOSPITAL SAN PABLO DE COQUIMBO,Publicada,LE,SERVICIO DE SALUD COQUIMBO HOSPITAL DE COQUIMBO,Hospital Coquimbo,Región de Coquimbo ,,2026-09-30 14:48,2026-10-20 16:00,,,,26230135.0,CLP,Sí,SEGUN DOCUMENTO,Telecomunicaciones,vhf,https://www.mercadopublico.cl/Procurement/Modules/RFB/DetailsAcquisition.aspx?idlicitacion=2126-81-LE26
1079596-38-LE26,SERVICIO DE REPARACION GENERADOR ELECTRICO ARICA,Publicada,LE,DIRECCION DE LOGISTICA DE CARABINEROS,SECCIÓN DE COMPRAS ZONA ARICA Y PARINACOTA,Región de Arica y Parinacota,Arica,2026-10-09 08:14,2026-10-20 18:35,2026-10-13 09:00,,Descripción,15000000.0,CLP,Sí,"SERVICIO DE REPARACIÓN, MANTENCIÓN GENERAL Y PROVISIÓN DE REPUESTOS PARA DOS GRUPOS ELECTRÓGENOS, PERTENECIENTES AL RETÉN CHILCAYA F Y A LA 2DA. COMISARÍA PUTRE, DEPENDIENTES DE LA ZONA DE CARABINEROS ARICA Y PARINACOTA.
La visita Técnica se efectuará en bodega del Taller Tic, ubicado en Av. 18 de Septiembre Nro. 1960, Arica,  el día Martes  13.10.2026, a las 09:00 horas y solo se tendrá 5 minuto1",Ingeniería eléctrica y potencia,"electric, generador electric, grupos electrogeno",https://www.mercadopublico.cl/Procurement/Modules/RFB/DetailsAcquisition.aspx?idlicitacion=1079596-38-LE26
1410-31-LE26,DRG AFTA -  SERVICIO ELECTRICIDAD GENERADORES,Publicada,LE,DIRECCION GENERAL DE GENDARMERIA DE CHIL,Región de Antofagasta,Región de Antofagasta ,Calama,2026-10-08 11:04,2026-10-20 19:55,,,,15000000.0,CLP,Sí,"ESTADO VERDE - E102RT9
DRG AFTA REQUIERE ADQUIRIR EL SERVICIO DE MANTENCIONES PREVENTIVAS Y CORRECTIVAS PARA LOS GENERADORES DE ENERGIA ELECTRICA DE LOS ESTABLECIMIENTOS PENITENCIARIOS DE LA REGION DE ANTOFAGASTA.",Ingeniería eléctrica y potencia,electric,https://www.mercadopublico.cl/Procurement/Modules/RFB/DetailsAcquisition.aspx?idlicitacion=1410-31-LE26
1080094-17-L126,RADIO PORTÁTIL DIGITAL VHF PARA SAMU,Publicada,L1,SERVICIO DE SALUD MAGALLANES,Bienes y servicios - SAMU,Región de Magallanes y de la Antártica,Punta Arenas,2026-10-05 16:10,2026-10-20 20:00,,,,2707075.0,CLP,Sí,"Se requiere adquirir radios portátiles profesionales para reforzar la disponibilidad de equipos de radiocomunicación del SAMU Magallanes y mantener la continuidad de las comunicaciones operativas entre el Centro Regulador, las bases, las ambulancias y los demás puntos de la red institucional.
Los equipos deberán ser compatibles con la infraestructura radial existente, permitir su utilización en canales analógicos y digitales e interoperar con las radios Motorola actualmente utilizadas por el SAM",Telecomunicaciones,"radiocomunicacion, vhf",https://www.mercadopublico.cl/Procurement/Modules/RFB/DetailsAcquisition.aspx?idlicitacion=1080094-17-L126
1171317-94-LE26,CONTRATO DE SUMINISTRO AMPLIFICACIÓN ILUMINACIÓN,Publicada,LE,I MUNICIPALIDAD DE CHILLAN,SECPLA,Región del Ñuble,Chillán,2026-10-07 09:37,2026-10-21 12:00,,,,70000000.0,CLP,Sí,"La Municipalidad de Chillán, llama a licitación pública para la suscripción del “CONTRATO DE SUMINISTRO AMPLIFICACIÓN, ILUMINACIÓN Y AUDIOVISUAL, MUNICIPALIDAD DE CHILLÁN”.",Ingeniería eléctrica y potencia,iluminacion,https://www.mercadopublico.cl/Procurement/Modules/RFB/DetailsAcquisition.aspx?idlicitacion=1171317-94-LE26
1602-20-LE26,ADQUISICIÓN DE LICENCIAS PARA EQUIPOS DE COMUNICACIONES DE LA RED DE DATOS DE LA DGAC 122 dgv ,Publicada,LE,DIRECCION GENERAL DE AERONAUTICA CIVIL,UNIDAD DE COMPRA SERVICIOS GENERALES,Región Metropolitana de Santiago,Providencia,2026-10-07 09:49,2026-10-21 14:00,,,,50755889.0,CLP,Sí,"Asegurar la continuidad operacional y adecuada administración de la infraestructura de conectividad inalámbrica Aruba actualmente implementada en la Institución, mediante la adquisición del licenciamiento requerido para su operación",Telecomunicaciones,red de datos,https://www.mercadopublico.cl/Procurement/Modules/RFB/DetailsAcquisition.aspx?idlicitacion=1602-20-LE26
1153624-24-L126,Servicio de Ordenamiento de Cableado de Datos y Eléctrico en Datacenter y Rack de Comunicaciones,Publicada,L1,SUBSECRETARIA DE RELACIONES ECONOMICAS INTERNACIONALES,Departamento Adquisiciones MN,Región Metropolitana de Santiago,Santiago,2026-10-08 16:17,2026-10-21 15:00,,,,900000.0,CLP,Sí,La Subsecretaría de Relaciones Económicas Internacionales invita a participar en el proceso de contratación del servicio de ordenamiento de cableado de datos y eléctrico en   datacenter y rack en el edificio ubicado en San Martín 88.,Ingeniería eléctrica y potencia | Telecomunicaciones,"electric, rack",https://www.mercadopublico.cl/Procurement/Modules/RFB/DetailsAcquisition.aspx?idlicitacion=1153624-24-L126
229-107-LE26,CONSTRUCCIÓN DE PROYECTO DE ILUMINACIÓN COMUNAL - CONVENIO CÓDIGO MATRIZ SNSM25-CMP 0139 CÓDIGO DEL PROYECTO SNSM25-IL-0008 - LAS TAGUITAS - EL PORVENIR,Publicada,LE,I MUNICIPALIDAD DE COIHUECO,Departamento de Administración y Finanzas,Región del Ñuble,Coihueco,2026-10-06 11:58,2026-10-21 15:00,,,,,CLP,No,"El servicio comprende, la instalación de un total de 36 luminarias, repartidas en 32 para
el sector de Las Taguitas y 4 para el sector de El Porvenir de Cato, estas luminarias deben
cumplir con lo indicado por el D.S N°1/2022 MMA, se construirá dos líneas eléctricas
independiente de a lo menos 1940,4 metros y 231 metros de largo, se consideraran un
total de 3 equipos de medidas (empalmes), 3 equipos de control fotoeléctrico o reloj
astronómico anual digital, sus respectivas tomas a tierra de servicio y protección,
finalmente se consideraran 6 postes cónicos galvanizados de 8 mts. (2 en el sector Las
Taguitas y 4 en El Porvenir de Cato).",Ingeniería eléctrica y potencia,"electric, iluminacion, luminaria",https://www.mercadopublico.cl/Procurement/Modules/RFB/DetailsAcquisition.aspx?idlicitacion=229-107-LE26
229-108-LE26,CONSTRUCCION OBRAS DE ILUMINACIÓN EL PORVENIR CODIGO 2501MSC017,Publicada,LE,I MUNICIPALIDAD DE COIHUECO,Departamento de Administración y Finanzas,Región del Ñuble,Coihueco,2026-10-06 15:06,2026-10-21 15:00,,,,23406451.0,CLP,Sí,"La Ilustre Municipalidad de Coihueco requiere contratar el servicio de construcción de alumbrado público 
en el tramo vial perteneciente a El Porvenir de Cato, de la comuna de Coihueco. El objetivo de las obras 
es entregar una respuesta oportuna a una necesidad de la comunidad, la cual consiste en ayudar a 
mejorar la percepción de seguridad del sector beneficiado, como también para las personas que 
transitan de manera esporádica por las vías consideradas, es por esto que el alcance del beneficio de 
estas obras es de vital importancia para la seguridad de las personas.",Ingeniería eléctrica y potencia,"alumbrado, iluminacion",https://www.mercadopublico.cl/Procurement/Modules/RFB/DetailsAcquisition.aspx?idlicitacion=229-108-LE26
2904-23-LP26,CONSTRUCCIÓN DE ALUMBRADO EN EL ESPACIO PÚBLICO SECTOR CHAQUEIHUA COMUNA HUALAIHUÉ,Publicada,LP,I MUNICIPALIDAD DE HUALAIHUE,DEPARTAMENTO DE ADMINISTRACION,Región de los Lagos ,Hualaihué,2026-10-01 17:36,2026-10-21 15:00,,,,335974580.0,CLP,Sí,"El proyecto contempla la instalación de 98 postes metálicos con luminarias LED en faja fiscal, destinados a mejorar las condiciones de visibilidad y seguridad vial, contribuyendo a disminuir los riesgos de accidentes y favorecer el bienestar de la comunidad. Asimismo, la distribución de los conductores eléctricos se realizará mediante canalización soterrada a lo largo de toda la ruta, contribuyendo a una solución de mayor seguridad y menor impacto visual.",Ingeniería eléctrica y potencia,"alumbrado, electric, luminaria",https://www.mercadopublico.cl/Procurement/Modules/RFB/DetailsAcquisition.aspx?idlicitacion=2904-23-LP26
707422-33-LE26,REPOSICIÓN SISTEMA ELÉCTRICO JI LAS ARAUCARIAS,Publicada,LE,FUNDACION EDUCACIONAL PARA EL DESAROLLO INTEGRAL DE LA NIÑEZ,Regional Bio-Bio,Región del Biobío ,Concepción,2026-10-07 12:49,2026-10-21 15:00,,,,,CLP,No,"Que, bajo este marco normativo, Fundación Integra requiere contratar el servicio de ejecución de obra PROYECTO CONSERVACIÓN 2026 REPOSICIÓN SISTEMA ELÉCTRICO JI LAS ARAUCARIAS, REGIÓN DEL BIOBÍO
 Que, el servicio que se requiere contratar se encuentra identificado en el Plan Anual de Compras de Fundación Integra, en los términos dispuestos en el artículo 27 del Reglamento de la Ley de Compras Públicas.",Ingeniería eléctrica y potencia,electric,https://www.mercadopublico.cl/Procurement/Modules/RFB/DetailsAcquisition.aspx?idlicitacion=707422-33-LE26
707429-34-LP26,REPOSICIÓN CUBIERTA Y ELECTRICO JI SAGRADA FAMILIA,Publicada,LP,FUNDACION EDUCACIONAL PARA EL DESAROLLO INTEGRAL DE LA NIÑEZ,Regional Nor-Poniente,Región Metropolitana de Santiago,Santiago Centro,2026-10-01 11:44,2026-10-21 15:00,,,,205000000.0,CLP,Sí,"Fundación Integra requiere contratar el servicio de ejecución de obra de “PROYECTO CONSERVACIÓN 2026 REPOSICIÓN CUBIERTA Y SISTEMA ELÉCTRICO JI SAGRADA FAMILIA”, bajo el sistema de Suma Alzada para la ejecución de las obras descritas en el proyecto de arquitectura, estructuras, especialidades y especificaciones técnicas de la presente licitación.
La obra se enmarca en lo establecido por la Ordenanza General de Urbanismo y Construcción y además responde a la normativa de discapacidad, incorporada en este cuerpo normativo.",Ingeniería eléctrica y potencia,electric,https://www.mercadopublico.cl/Procurement/Modules/RFB/DetailsAcquisition.aspx?idlicitacion=707429-34-LP26
1434-25-LE26,CAMBIO DE SISTEMA ELÉCTRICO BLOCK 23,Publicada,LE,DIRECCION GENERAL DE AERONAUTICA CIVIL,UNIDAD DE COMPRA BIENESTAR SOCIAL REGION METROPOLITANA,Región Metropolitana de Santiago,Providencia,2026-10-06 15:09,2026-10-21 15:01,,,,,CLP,No,"LICITACIÓN PÚBLICA PARA CONTRATAR EL SERVICIO DE CAMBIO DE SISTEMA ELÉCTRICO INTERIOR DE LOS 16 DEPARTAMENTOS UBICADOS EN AVENIDA SAN PABLO N°8402, BLOCK 23, COMUNA DE PUDAHUEL, REGIÓN METROPOLITANA, PERTENECIENTE AL PATRIMONIO DE AFECTACIÓN FISCAL DEL DEPARTAMENTO BIENESTAR SOCIAL DE LA D.G.A.C",Ingeniería eléctrica y potencia,electric,https://www.mercadopublico.cl/Procurement/Modules/RFB/DetailsAcquisition.aspx?idlicitacion=1434-25-LE26
45-50-LE26,SERVICIOS GENERALES DE MANTENCIÓN PREVENTIVA Y CORRECTIVA DE EQUIPAMIENTO DE AIRE DE PRECISIÓN TABLEROS ELÉCTRICOS Y SISTEMA DE ALIMENTACIÓN ELÉCTRICA ININTERRUMPIDA DE PODER UPS Y TABLERO BY PASS PARA ÁREA DE DATA CENTER DE SENCE,Publicada,LE,SERVICIO NACIONAL DE CAPACITACION Y EMPLEO,Servicio Nacional de Capacitación y Empleo,Región Metropolitana de Santiago,,2026-10-06 11:00,2026-10-21 15:01,,,,60000000.0,CLP,Sí,"El Servicio Nacional de Capacitación y Empleo precisa mantener condiciones óptimas de climatización, alimentación eléctrica, continuidad operativa y seguridad de la infraestructura tecnológica que soporta los sistemas y servicios institucionales, resguardando la disponibilidad, integridad y funcionamiento ininterrumpido de los equipos y plataformas alojadas en el Data Center. Para ello, requiere contratar un servicio integral de mantención preventiva y correctiva para la infraestructura crítica del Data Center Institucional, que comprende los sistemas de climatización de precisión, tableros eléctricos, sistema de alimentación ininterrumpida de energía (UPS) y tablero By Pass, incluyendo además la garantía extendida y el suministro de repuestos necesarios para asegurar su correcta operación.",Ingeniería eléctrica y potencia,"electric, tableros electric, ups",https://www.mercadopublico.cl/Procurement/Modules/RFB/DetailsAcquisition.aspx?idlicitacion=45-50-LE26
5178-19-LE26,NORMALIZACIÓN ELECTRICA DE LABORATORIO Y SALA,Publicada,LE,UNIVERSIDAD DE CHILE,UCHILE  Facultad Medicina (5178),Región Metropolitana de Santiago,,2026-10-01 08:47,2026-10-21 16:00,,,,22000000.0,CLP,Sí,"Que, la Facultad de Medicina de la Universidad de Chile, para su Escuela de Tecnología Médica, requiere la ejecución del servicio de normalización eléctrica de laboratorios y sala de inclusión de parafina de la Escuela de Tecnología Médica solicitud N° 1039418, con el objetivo de adecuar las instalaciones a la normativa vigente y resguardar la seguridad de los usuarios y el equipamiento, previniendo riesgos de incendios o electrocución; como asimismo, posterior a la normalización obtener la certificación oficial Inscripción TE1 ante la Superintendencia de Electricidad y Combustibles SEC",Ingeniería eléctrica y potencia | Construcción y montaje,"electric, normalizacion electric, te1",https://www.mercadopublico.cl/Procurement/Modules/RFB/DetailsAcquisition.aspx?idlicitacion=5178-19-LE26
2446-294-LP26,PROPUESTA PÚBLICA N°222-2026 MATERIALES ELÉCTRICOS,Publicada,LP,I MUNICIPALIDAD DE COQUIMBO,IMUNI_COQUIMBO,Región de Coquimbo ,Coquimbo,2026-10-02 15:45,2026-10-22 10:00,,,,300000000.0,CLP,Sí,"PROPUESTA PÚBLICA N° 222-2026, CONTRATO DE SUMINISTRO POR ADQUISICION DE MATERIALES ELÉCTRICOS E INSUMOS PARA LA MANTENCIÓN DE ALUMBRADO PÚBLICO PERIODO 2026",Ingeniería eléctrica y potencia,"alumbrado, electric",https://www.mercadopublico.cl/Procurement/Modules/RFB/DetailsAcquisition.aspx?idlicitacion=2446-294-LP26
2369-82-LP26,PP 88 INST. LUMINARIAS Y CAMARAS TIERRAS BLANCAS,Publicada,LP,I MUNICIPALIDAD DE ARICA,SECRETARIA COMUNAL DE PLANIFICACIÓN,Región de Arica y Parinacota,Arica,2026-09-21 11:26,2026-10-22 11:00,,,,,CLP,No,"Instalacion de luminarias y cámaras en población tierras blancas, segun especificaciones adjuntas",Ingeniería eléctrica y potencia,luminaria,https://www.mercadopublico.cl/Procurement/Modules/RFB/DetailsAcquisition.aspx?idlicitacion=2369-82-LP26
1469-267-L126,Servicio de Mantenimiento UPS del Centro de Datos en Campus Talca de la Universidad de Talca,Publicada,L1,UNIVERSIDAD DE TALCA,Universidad de Talca,Región del Maule ,Talca,2026-10-08 17:42,2026-10-22 12:00,,,,6975100.0,CLP,Sí,"La Universidad de Talca requiere la realización del servicio de mantenimiento preventivo para la UPS marca Liebert, modelo APM 150K, ubicada en el Centro de Datos, del Campus Talca (Lircay) de la Universidad de Talca.",Ingeniería eléctrica y potencia,ups,https://www.mercadopublico.cl/Procurement/Modules/RFB/DetailsAcquisition.aspx?idlicitacion=1469-267-L126
3705-35-LP26,PROYECTO ELÉCTRICO PARA EL EDIFICIO CONSISTORIAL DE LA MUNICIPALIDAD DE LOS SAUCES,Publicada,LP,I MUNICIPALIDAD DE LOS SAUCES,Municipalidad,Región de la Araucanía ,Los Sauces,2026-10-02 11:28,2026-10-22 12:00,,,,,CLP,No,PROYECTO ELÉCTRICO PARA EL EDIFICIO CONSISTORIAL DE LA MUNICIPALIDAD DE LOS SAUCES,Ingeniería eléctrica y potencia,electric,https://www.mercadopublico.cl/Procurement/Modules/RFB/DetailsAcquisition.aspx?idlicitacion=3705-35-LP26
2684-55-LE26,PP Nº54-2026 “SERVICIO DE CATASTRO MUNICIPAL DE LUMINARIAS Y POSTES DE ALUMBRADO PÚBLICO EN LA COMUNA DE VILLA ALEMANA”,Publicada,LE,I MUNICIPALIDAD DE VILLA ALEMANA,SECPLA,Región de Valparaíso ,Villa Alemana,2026-10-07 16:04,2026-10-22 15:00,,,,,CLP,No,Se requiere la contratación del servicio para la ejecución del levantamiento en terreno y confección del Catastro Municipal de Luminarias y Postes de Alumbrado Público en la comuna de Villa Alemana.,Ingeniería eléctrica y potencia,"alumbrado, luminaria",https://www.mercadopublico.cl/Procurement/Modules/RFB/DetailsAcquisition.aspx?idlicitacion=2684-55-LE26
1426098-17-LE26,Habilitación recinto sala CCTV IP IRC Coronel.,Publicada,LE,SERVICIO NACIONAL DE REINSERCION SOCIAL JUVENIL,DIRECCIÓN REGIONAL DEL BIO BIO,Región del Biobío ,Concepción,2026-10-05 18:19,2026-10-22 15:01,,,,45314233.0,CLP,Sí,"CONTRATACIÓN DEL SERVICIO DE “HABILITACIÓN RECINTO SALA CCTV IP IRC CORONEL”, DEPENDIENTE DE LA DIRECCIÓN REGIONAL Del BIOBÍO, DEL SERVICIO NACIONAL DE REINSERCIÓN SOCIAL JUVENIL",Telecomunicaciones,cctv,https://www.mercadopublico.cl/Procurement/Modules/RFB/DetailsAcquisition.aspx?idlicitacion=1426098-17-LE26
2345-139-LR26,Mantención Preventiva y Correctiva Reparaciones Mejoras y Urgencias de los Sistemas Eléctricos en los Inmuebles,Publicada,LR,I MUNICIPALIDAD DE LAS CONDES,I MUNICIPALIDAD DE LAS CONDES,Región Metropolitana de Santiago,Las Condes,2026-09-21 16:32,2026-10-22 15:01,,,,,UTM,No,"El objetivo de la presente licitación es establecer las condiciones y especificaciones técnicas para la contratación de un servicio de; Mantención preventiva correctiva, reparaciones, mejoras y urgencias de los sistemas eléctricos de los inmuebles de la Municipalidad de Las Condes, por un periodo de 36 meses. Este servicio no se limita únicamente a la conservación de las instalaciones, sino que sitúa a la Ingeniería Eléctrica como el eje central para el diagnóstico, diseño y ejecución de soluciones técnicas. La finalidad primordial es asegurar la continuidad y confiabilidad operacional de las instalaciones, optimizar la eficiencia energética y garantizar la seguridad de las personas y activos municipales bajo un estándar de excelencia técnica.",Ingeniería eléctrica y potencia,"eficiencia energetica, electric",https://www.mercadopublico.cl/Procurement/Modules/RFB/DetailsAcquisition.aspx?idlicitacion=2345-139-LR26
4063-13-LP26,NORMALIZACIÓN CÁMARAS TELEVIGILANCIA Y REPOSICIÓN SEÑALÉTICA DE CALLES DISTINTOS SECTORES,Publicada,LP,I MUNICIPALIDAD DE MARIQUINA,SECPLAN,Región de Los Ríos,Mariquina,2026-09-22 12:20,2026-10-22 15:30,,,,111143500.0,CLP,Sí,"NORMALIZACIÓN CÁMARAS TELEVIGILANCIA Y REPOSICIÓN SEÑALÉTICA DE CALLES DISTINTOS SECTORES, SEGÚN DOCUMENTACIÓN ADJUNTA.",Telecomunicaciones,televigilancia,https://www.mercadopublico.cl/Procurement/Modules/RFB/DetailsAcquisition.aspx?idlicitacion=4063-13-LP26
548874-85-LE26,MANTENCIÓN ELÉCTRICA IPS VALLENAR,Publicada,LE,INSTITUTO DE PREVISION SOCIAL,IPS Oficina Central de Compras,Región de Atacama ,Santiago,2026-10-07 09:47,2026-10-22 15:30,,,,28861665.0,CLP,Sí,E102RT8 - MANTENCIÓN ELÉCTRICA IPS VALLENAR,Ingeniería eléctrica y potencia | Construcción y montaje,"electric, mantencion electric",https://www.mercadopublico.cl/Procurement/Modules/RFB/DetailsAcquisition.aspx?idlicitacion=548874-85-LE26
707428-34-LP26,REPOSICIÓN SISTEMA ELÉCTRICO JI SOL NACIENTE,Publicada,LP,FUNDACION EDUCACIONAL PARA EL DESAROLLO INTEGRAL DE LA NIÑEZ,Regional Sur-Oriente,Región Metropolitana de Santiago,Santiago,2026-09-22 16:27,2026-10-22 16:00,,,,,CLP,No,"SERVICIO DE EJECUCION DE OBRA “PROYECTO CONSERVACIÓN 2026 REPOSICIÓN SISTEMA ELÉCTRICO JI SOL NACIENTE PARA FUNDACIÓN INTEGRA, REGIÓN METROPOLITANA SUR ORIENTE”.",Ingeniería eléctrica y potencia,electric,https://www.mercadopublico.cl/Procurement/Modules/RFB/DetailsAcquisition.aspx?idlicitacion=707428-34-LP26
4168-87-LP26,CONVENIO DE SUMINISTRO AMPLIFICACIÓN ILUMINACIÓN PANTALLA LED Y COMPLEMENTARIOS,Publicada,LP,ILUSTRE MUNICIPALIDAD DE COLBUN,Municipalidad,Región del Maule ,Colbún,2026-10-02 16:55,2026-10-22 17:33,,,,,CLP,No,"La Ilustre Municipalidad de Colbún, en adelante la “Municipalidad”, como Mandante y Unidad Técnica, llama a propuesta pública para contratar el servicio denominada CONVENIO DE SUMINISTRO AMPLIFICACIÓN, ILUMINACIÓN, PANTALLA LED Y COMPLEMENTARIOS de acuerdo con las Bases Administrativas y otros antecedentes de Licitación. Esta propuesta se regirá por las presentes Bases y el Contrato a suscribir entre la Municipalidad de Colbún y el oferente adjudicado, además de anexos, aclaraciones y/ o respuestas a consultas formuladas por escrito y demás antecedentes de la licitación.",Ingeniería eléctrica y potencia,iluminacion,https://www.mercadopublico.cl/Procurement/Modules/RFB/DetailsAcquisition.aspx?idlicitacion=4168-87-LP26
3296-19-LP26,CONSTRUCCION ALUMBRADO AUTONOMO EN CAMINOS INTERIORES CURACO DE VELEZ,Publicada,LP,I MUNICIPALIDAD DE CURACO DE VELEZ,SECPLAN,Región de los Lagos ,Curaco de Vélez,2026-10-02 10:21,2026-10-22 19:55,,,,150000000.0,CLP,Sí,La Ilustre Municipalidad de Curaco de Vélez llama a presentar ofertas mediante Licitación Pública para la CONSTRUCCION ALUMBRADO EN CAMINOS INTERIORES de la comuna de Curaco de Vélez.,Ingeniería eléctrica y potencia,alumbrado,https://www.mercadopublico.cl/Procurement/Modules/RFB/DetailsAcquisition.aspx?idlicitacion=3296-19-LP26
2405-144-LE26,SERVICIO DE RECAMBIO DE 60 CÁMARAS DE SEGURIDAD,Publicada,LE,I MUNICIPALIDAD DE IQUIQUE,SECRETARIA COMUNAL DE PLANIFICACION,Región de Tarapacá  ,Iquique,2026-09-28 10:40,2026-10-23 09:01,,,,14000000.0,CLP,Sí,“SERVICIO DE RECAMBIO DE 60 CÁMARAS DE SEGURIDAD EN POSTES Y EDIFICIOS”,Telecomunicaciones,camaras de seguridad,https://www.mercadopublico.cl/Procurement/Modules/RFB/DetailsAcquisition.aspx?idlicitacion=2405-144-LE26
598-26-LE26,Licencia Automatización de Procesos IFM por 36 mes,Publicada,LE,DIRECCION PREVISION DE CARABINEROS DE CHILE,Unidad de Abastecimiento DIPRECA,Región Metropolitana de Santiago,Santiago,2026-10-09 11:27,2026-10-23 09:30,,,,24000000.0,CLP,Sí,"Se requiere contratar el servicio de suscripción y licenciamiento de la plataforma de
Automatización de Procesos IFM por un período de 36 meses, destinada a gestionar y ejecutar
de forma automatizada el envío masivo de correos electrónicos con las boletas de pago de
pensiones adjuntas para los beneficiarios de la Dirección de Previsión de Carabineros de Chile.",Control e instrumentación,automatizacion,https://www.mercadopublico.cl/Procurement/Modules/RFB/DetailsAcquisition.aspx?idlicitacion=598-26-LE26
2355-25-LP26,REPOSICIÓN A.P. E ILUMINACIÓN MONUMENTOS-P. ARENAS,Publicada,LP,I MUNICIPALIDAD DE PUNTA ARENAS,DIRECCIÓN MEDIO AMBIENTE ASEO Y ORNATO,Región de Magallanes y de la Antártica,Punta Arenas,2026-10-02 10:36,2026-10-23 11:00,,,,,CLP,No,"La Municipalidad de Punta Arenas, requiere contratar el servicio de REPOSICIÓN DE ALUMBRADO PÚBLICO E ILUMINACIÓN DE MONUMENTOS, por un periodo MÁXIMO de 06 (seis) meses.

Para el cumplimiento de lo anterior, se requiere de participantes que aseguren y certifiquen que los servicios ofertados son prestados de acuerdo con las normas técnicas vigentes, con los estándares de calidad suficientes para satisfacer los requerimientos del Municipio.",Ingeniería eléctrica y potencia,"alumbrado, iluminacion",https://www.mercadopublico.cl/Procurement/Modules/RFB/DetailsAcquisition.aspx?idlicitacion=2355-25-LP26
2423-67-LE26,SUMINISTRO E INSTALACIÓN DE SISTEMA DE TELEVIGILANCIA EN TORRES DE ILUMINACIÓN EXISTENTES COMUNA DE PUENTE ALTO,Publicada,LE,I MUNICIPALIDAD DE PUENTE ALTO,SECPLAC,Región Metropolitana de Santiago,Puente Alto,2026-10-01 13:21,2026-10-23 12:00,,,,22438800.0,CLP,Sí,"SUMINISTRO E INSTALACIÓN DE SISTEMA DE TELEVIGILANCIA EN TORRES DE ILUMINACIÓN EXISTENTES, COMUNA DE PUENTE ALTO",Ingeniería eléctrica y potencia | Telecomunicaciones,"iluminacion, televigilancia",https://www.mercadopublico.cl/Procurement/Modules/RFB/DetailsAcquisition.aspx?idlicitacion=2423-67-LE26
2564-28-LE26,RECAMBIO E INSTALACIÓN DE LUMINARIA VARIOS SEC.,Publicada,LE,I MUNICIPALIDAD DE CHEPICA,ADQUISICIONES,Región del Libertador General Bernardo O´Higgins,,2026-09-15 09:05,2026-10-23 12:00,,,,,CLP,No,"SE CONSIDERA LA CONTRATACIÓN DE IUNA PERSONA NATURAL O, JURIDICA A FIN DE EJECUTAR EL PROYECTO FINANCIADO POR LA SUBDERE, SEGUN BASES Y DEMAS ANTECEDENTES TECNICOS Y ADMINISTRATIVOS. SE DEBERÁ EJECUTAR EL 100% DE LA OBRA HASTA LA TOTAL RECEPCIÓN DEL CONTRATO QUE RESULTE DE ESTE PROCESO.",Ingeniería eléctrica y potencia,luminaria,https://www.mercadopublico.cl/Procurement/Modules/RFB/DetailsAcquisition.aspx?idlicitacion=2564-28-LE26
1658-212-LR26,P. 259-2026 SISTEMA DE TELEVIGILANCIA PARA LA COMUNA DE TEMUCO,Publicada,LR,I MUNICIPALIDAD DE TEMUCO,I MUNICIPALIDAD DE TEMUCO,Región de la Araucanía ,Temuco,2026-09-22 17:41,2026-10-23 15:00,,,,37617.6,CLF,Sí,"""SISTEMA DE TELEVIGILANCIA PARA LA COMUNA DE TEMUCO""",Telecomunicaciones,televigilancia,https://www.mercadopublico.cl/Procurement/Modules/RFB/DetailsAcquisition.aspx?idlicitacion=1658-212-LR26
584105-38-LP26,ADQUISICIÓN E INSTALACIÓN DE SISTEMAS FOTOVOLTAICOS CON INYECCIÓN A LA RED EN EL MARCO DEL CONCURSO FONDO DE ACCESO A LA ENERGÍA FV-01-2026,Publicada,LP,SUBSECRETARIA DE ENERGIA,P01,Región Metropolitana de Santiago,Santiago,2026-09-23 19:26,2026-10-23 15:00,,,,110000000.0,CLP,Sí,E102RT9 ADQUISICIÓN E INSTALACIÓN DE SISTEMAS FOTOVOLTAICOS CON INYECCIÓN A LA RED EN EL MARCO DEL CONCURSO FONDO DE ACCESO A LA ENERGÍA FV-01-2026,Ingeniería eléctrica y potencia,fotovoltaic,https://www.mercadopublico.cl/Procurement/Modules/RFB/DetailsAcquisition.aspx?idlicitacion=584105-38-LP26
1175-90-LP26,93.26 “RENOVACIÓN SISTEMA ELECTRICO HOSPITAL GALVARINO”,Publicada,LP,SERVICIO DE SALUD ARAUCANIA SUR,Dirección Servicio Salud Araucanía Sur,Región de la Araucanía ,Temuco,2026-10-02 09:56,2026-10-23 15:30,,,,,CLP,No,93.26 “RENOVACIÓN SISTEMA ELECTRICO HOSPITAL GALVARINO”,Ingeniería eléctrica y potencia,electric,https://www.mercadopublico.cl/Procurement/Modules/RFB/DetailsAcquisition.aspx?idlicitacion=1175-90-LP26
906973-11-LP26,REPOSICIÓN ALUMBRADO PÚBLICO BOYERUCA,Publicada,LP,I MUNICIPALIDAD DE VICHUQUEN,SECPLAC,Región del Maule ,Vichuquén,2026-09-21 12:19,2026-10-23 15:30,,,,73597292.0,CLP,Sí,"CONTRATAR LA EJECUCIÓN DE LAS OBRAS DE REPOSICIÓN DEL SISTEMA DE ALUMBRADO PÚBLICO DE LA LOCALIDAD DE BOYERUCA, COMUNA DE VICHUQUÉN, INCLUYENDO RECAMBIO DE LUMINARIAS POR TECNOLOGÍA LED, RENOVACIÓN DE CONDUCTORES, GANCHOS Y FERRETERÍA, NORMALIZACIÓN Y EJECUCIÓN DE EMPALMES, INSTALACIÓN DE TABLEROS, PROTECCIONES ELÉCTRICAS, FOTOCELDAS, PUESTA A TIERRA Y CIRCUITOS INDEPENDIENTES.",Ingeniería eléctrica y potencia,"alumbrado, electric, luminaria, protecciones electricas, puesta a tierra",https://www.mercadopublico.cl/Procurement/Modules/RFB/DetailsAcquisition.aspx?idlicitacion=906973-11-LP26
2426-45-LP26,MEJORAMIENTO ALUMBRADO PÚBLICO CERRO YUNGAY,Publicada,LP,I MUNICIPALIDAD DE VALPARAISO,ADQUISICIONES MAYORES,Región de Valparaíso ,Valparaíso,2026-09-11 12:36,2026-10-23 16:00,,,,102053028.0,CLP,Sí,"MEJORAMIENTO ALUMBRADO PÚBLICO, PARTE BAJA CERRO YUNGAY",Ingeniería eléctrica y potencia,alumbrado,https://www.mercadopublico.cl/Procurement/Modules/RFB/DetailsAcquisition.aspx?idlicitacion=2426-45-LP26
956-61-LP26,Servicios de Mantenimiento Preventivo y Correctivo para los equipos del Sistema de Radiocomunicación UHF VHF y HF de la Red de Hospitales del Servicio de Salud Valparaíso y del Sistema de Atención Médica Móvil de Urgencia SAMU,Publicada,LP,SERVICIO DE SALUD VALPARAISO SAN ANTONIO,SERVICIO DE SALUD VALPARAISO SAN ANTONIO,Región de Valparaíso ,Valparaíso,2026-10-01 15:15,2026-10-23 16:00,,,,65000000.0,CLP,Sí,"Contratación de los Servicios de Mantenimiento Preventivo y Correctivo para los equipos del Sistema de Radiocomunicación UHF, VHF y HF de la Red de Hospitales del Servicio de Salud Valparaíso y del Sistema de Atención Médica Móvil de Urgencia (SAMU), vigencia 12 meses",Telecomunicaciones,"radiocomunicacion, uhf, vhf",https://www.mercadopublico.cl/Procurement/Modules/RFB/DetailsAcquisition.aspx?idlicitacion=956-61-LP26
1153624-23-LP26,Servicio de Telefonía IP para SUBREI.,Publicada,LP,SUBSECRETARIA DE RELACIONES ECONOMICAS INTERNACIONALES,Departamento Adquisiciones MN,Región Metropolitana de Santiago,Santiago,2026-10-05 17:24,2026-10-26 15:00,,,,120000000.0,CLP,Sí,"La Subsecretaría de Relaciones Económicas Internacionales invita participar en el proceso de contratación del servicio de telefonía IP para sus dependencias institucionales, el cual considera la provisión, implementación, operación, soporte y mantención de una solución de telefonía IP, incluyendo la entrega de terminales telefónicos según los plazos establecidos en las presentes bases.",Telecomunicaciones,telefonia ip,https://www.mercadopublico.cl/Procurement/Modules/RFB/DetailsAcquisition.aspx?idlicitacion=1153624-23-LP26
2271-74-LE26,Servicio de Mantto de Celdas de Distrib Electrica,Publicada,LE,DIRECCION GENERAL DE AERONAUTICA CIVIL,UNIDAD DE COMPRA ZONAL CENTRAL,Región Metropolitana de Santiago,Ñuñoa,2026-10-05 14:27,2026-10-26 15:00,,,,13520000.0,CLP,Sí,"Mantenimiento Preventivo Anual a Celdas de Distribución Eléctrica de Media Tensión, ubicadas en la subestación eléctrica principal del Aeropuerto Arturo Merino Benítez”, dependiente Zona Aeroportuaria Central",Ingeniería eléctrica y potencia,"electric, media tension, subestacion",https://www.mercadopublico.cl/Procurement/Modules/RFB/DetailsAcquisition.aspx?idlicitacion=2271-74-LE26
2581-41-LR26,PUESTA A PUNTO ACTUALIZACIÓN Y MANTENCIÓN DEL SISTEMA COMUNAL DE TELEVIGILANCIA DE CONCHALÍ,Publicada,LR,I MUNICIPALIDAD DE CONCHALI,Secretaría de Planificación Comunal,Región Metropolitana de Santiago,Conchalí,2026-09-09 17:51,2026-10-26 15:00,,,,960000000.0,CLP,Sí,"PUESTA A PUNTO, ACTUALIZACIÓN Y MANTENCIÓN DEL SISTEMA COMUNAL DE TELEVIGILANCIA DE CONCHALÍ, SEGÚN BASES DE LICITACIÓN ADJUNTAS.",Telecomunicaciones,televigilancia,https://www.mercadopublico.cl/Procurement/Modules/RFB/DetailsAcquisition.aspx?idlicitacion=2581-41-LR26
4192-55-LP26,HABILITACIÓN ILUMINACIÓN ACCESO A LORETO CALDERA,Publicada,LP,I MUNICIPALIDAD DE CALDERA,Secpla,Región de Atacama ,Caldera,2026-10-05 18:09,2026-10-26 15:00,,,,,CLP,No,"Las presentes bases tienen por objetivo determinar y definir las condiciones generales que se deberán tener presente en la licitación para proyecto “HABILITACIÓN ILUMINACIÓN ACCESO A LORETO, CALDERA” en la comuna de Caldera.
La presente licitación, y los derechos y obligaciones de las partes se regularán por los presentes términos de referencia administrativos, las especificaciones técnicas, las aclaraciones y la respectiva oferta. Supletoriamente se aplicará la Ley de Compras Públicas N°19.886 y su respectivo Reglamento.",Ingeniería eléctrica y potencia,iluminacion,https://www.mercadopublico.cl/Procurement/Modules/RFB/DetailsAcquisition.aspx?idlicitacion=4192-55-LP26
650-48-LP26,LP N°23-2026 Reposición Luminarias Villa Chica,Publicada,LP,SERVICIO DE VIVIENDA Y URBANIZACION II REGION,SERVIU II Región ,Región de Antofagasta ,Antofagasta,2026-10-05 08:37,2026-10-26 15:00,,,,147847799.0,CLP,Sí,"Tiene por objeto el servicio de reposición y mejoramiento del sistema de iluminación pública del polígono Barrio Villa Chica, comuna de Antofagasta, mediante la provisión, instalación y normalización de luminarias conforme a los antecedentes técnicos, cálculos lumínicos y especificaciones técnicas del proyecto.",Ingeniería eléctrica y potencia,"iluminacion, luminaria",https://www.mercadopublico.cl/Procurement/Modules/RFB/DetailsAcquisition.aspx?idlicitacion=650-48-LP26
1375735-15-LE26,SERVICIO DE IMPLEMENTACIÓN MANTENCIÓN Y SOPORTE DE SISTEMA CCTV PARA NIVEL CENTRAL DEL SERVICIO LOCAL DE EDUCACIÓN PÚBLICA ANTOFAGASTA QUE INCLUYE EL SUMINISTRO INSTALACIÓN Y PUESTA EN MARCHA DE LOS EQUIPOS NECESARIOS,Publicada,LE,SERVICIO LOCAL DE EDUCACIÓN PÚBLICA ANTOFAGASTA,P01 - COMPRAS Y LICITACIONES NIVEL CENTRAL,Región de Antofagasta ,,2026-10-05 16:33,2026-10-26 15:01,,,,25280800.0,CLP,Sí,"El SLEP Antofagasta busca contratar el servicio de implementación, mantención y soporte de un sistema CCTV para resguardar la seguridad e integridad de sus instalaciones ubicadas en Avenida O’Higgins N°1784-1786, comuna de Antofagasta. El contrato comprenderá el plazo de implementación (Hito N°1) más 24 meses de mantención y soporte, contados desde la recepción conforme del Hito N°1.",Telecomunicaciones,cctv,https://www.mercadopublico.cl/Procurement/Modules/RFB/DetailsAcquisition.aspx?idlicitacion=1375735-15-LE26
2430-85-LP26,“NORMALIZACIÓN ALUMBRADO PÚBLICO SECTOR CALETA ERRAZURIZ Y CALETA CONSTITUCIÓN SANTA MARÍA COMUNA DE ANTOFAGASTA”,Publicada,LP,I MUNICIPALIDAD DE ANTOFAGASTA,IMUNI_ANTOFAGASTA Gestion.Secoplan,Región de Antofagasta ,Antofagasta,2026-09-25 12:49,2026-10-26 15:01,,,,322840607.0,CLP,Sí,"“NORMALIZACIÓN ALUMBRADO PÚBLICO SECTOR CALETA ERRAZURIZ Y CALETA CONSTITUCIÓN SANTA MARÍA, COMUNA DE ANTOFAGASTA”",Ingeniería eléctrica y potencia,alumbrado,https://www.mercadopublico.cl/Procurement/Modules/RFB/DetailsAcquisition.aspx?idlicitacion=2430-85-LP26
3824-25-LP26,ALUMBRADO JOSE MORALES NVA ESTRELLA HORTENCIAS,Publicada,LP,I MUNICIPALIDAD DE PADRE HURTADO,Secretaria Comunal de Planificación,Región Metropolitana de Santiago,Padre Hurtado,2026-10-05 17:46,2026-10-26 15:05,,,,216038041.0,CLP,Sí,"INSTALACIÓN DE ALUMBRADO PEATONAL SECTOR VILLAS JOSE MORALES, NUEVA ESTRELLA Y LAS HORTENCIAS, COMUNA DE PADRE HURTADO, el cual contempla la construcción e instalación de 231 luminarias LED peatonales para calles y pasajes del sector Villa José Morales, villa Nueva Estrella y Villa Las Hortencias.",Ingeniería eléctrica y potencia,"alumbrado, luminaria",https://www.mercadopublico.cl/Procurement/Modules/RFB/DetailsAcquisition.aspx?idlicitacion=3824-25-LP26
1133353-50-LP26,RECAMBIO DE LUMINARIAS SECTOR CENTRO COMUNA DE RAUCO,Publicada,LP,I MUNICIPALIDAD DE RAUCO,SECPLAC,Región del Maule ,Rauco,2026-10-02 12:32,2026-10-26 15:30,,,,,CLP,No,"LA MUNICIPALIDAD DE RAUCO, REQUIERE CONTRATAR LA OBRA ""RECAMBIO DE LUMINARIAS SECTOR CENTRO, COMUNA DE RAUCO"", SEGUN DOCUMENTACIÓN ADJUNTA.",Ingeniería eléctrica y potencia,luminaria,https://www.mercadopublico.cl/Procurement/Modules/RFB/DetailsAcquisition.aspx?idlicitacion=1133353-50-LP26
2403-73-LR26,Servicios de conectividad telecomunicaciones operación de infraestructura y gestión de ciberseguridad.,Publicada,LR,I MUNICIPALIDAD DE PENALOLEN,I.MUNICIPALIDAD DE PEÑALOLEN,Región Metropolitana de Santiago,Peñalolén,2026-09-23 14:31,2026-10-26 15:30,,,,1910656000.0,CLP,Sí,"La Municipalidad de Peñalolén requiere dar continuidad integral de los servicios de conectividad, telecomunicaciones, operación de infraestructura y gestión de ciberseguridad actualmente en producción, incluyendo conectividad institucional, telefonía IP, Contact Center, redes cableadas e inalámbricas, NAC, seguridad perimetral, CSOC, SIEM, housing, soporte, implementación, SLA y capacitación, asegurando continuidad operativa, seguridad y cumplimiento normativo.",Telecomunicaciones,"telecomunicacion, telefonia ip",https://www.mercadopublico.cl/Procurement/Modules/RFB/DetailsAcquisition.aspx?idlicitacion=2403-73-LR26
2963-34-LR26,SERVICIO DE MANTENCIÓN DE ALUMBRADO PÚBLICO,Publicada,LR,I MUNICIPALIDAD DE LA GRANJA,SECPLA,Región Metropolitana de Santiago,La Granja,2026-09-23 13:35,2026-10-26 15:30,,,,2292667631.0,CLP,Sí,"El servicio considerado, comprende la mantención del parque lumínico de la comuna.",Ingeniería eléctrica y potencia,alumbrado,https://www.mercadopublico.cl/Procurement/Modules/RFB/DetailsAcquisition.aspx?idlicitacion=2963-34-LR26
1374899-41-LP26,INSTALACIÓN PUNTOS DE RED Y PUNTOS ELÉCTRICOS PARA EL HOSPITAL PROVINCIAL MARGA MARGA,Publicada,LP,HOSPITAL DE QUILPUE,Hospital Marga Marga,Región de Valparaíso ,Quilpué,2026-10-05 17:57,2026-10-26 16:00,,,,105720000.0,CLP,Sí,INSTALACIÓN PUNTOS DE RED Y PUNTOS ELÉCTRICOS PARA EL HOSPITAL PROVINCIAL MARGA MARGA,Ingeniería eléctrica y potencia,electric,https://www.mercadopublico.cl/Procurement/Modules/RFB/DetailsAcquisition.aspx?idlicitacion=1374899-41-LP26
697202-13-LE26,PROVISIÓN Y MONTAJE DE GRUPO ELECTRÓGENO          ,Publicada,LE,MINISTERIO PUBLICO,FR VALPARAISO,Región de Valparaíso ,Valparaíso,2026-10-06 18:34,2026-10-26 19:30,,,,50000000.0,CLP,Sí,"El MINISTERIO PÚBLICO necesita adquirir un equipo grupo electrógeno para el inmueble de la Fiscalía Local de Valparaíso, para asegurar la continuidad de la operación.
El bien a que se refiere la presente licitación deberá ser entregado y emplazado en su ubicación definitiva al interior de estacionamiento del inmueble de la Fiscalía Local de Valparaíso.",Ingeniería eléctrica y potencia,grupo electrogeno,https://www.mercadopublico.cl/Procurement/Modules/RFB/DetailsAcquisition.aspx?idlicitacion=697202-13-LE26
2928-23-LP26,CONSTRUCCIÓN CÁMARAS DE TELEVIGILANCIA QUELLÓN,Publicada,LP,Ilustre Municipalidad De Quellón,SECPLAN,Región de los Lagos ,Quellón,2026-10-07 11:53,2026-10-27 10:00,,,,,CLP,No,"Las presentes Bases Administrativas Generales de Propuestas reglamentan y forman parte de los documentos que regirán la licitación pública, adjudicación y el contrato que suscriba el Municipio, para la ejecución del proyecto de infraestructura comunal financiada total o parcialmente a través de la Glosa Presupuestaria Fondo Regional de Iniciativa Local del Fondo Nacional de Desarrollo Regional.",Telecomunicaciones,"camaras de televigilancia, televigilancia",https://www.mercadopublico.cl/Procurement/Modules/RFB/DetailsAcquisition.aspx?idlicitacion=2928-23-LP26
3813-22-LR26,REPOSICIÓN E INTALACIÓN DE LUMINARIAS PÚBLICAS,Publicada,LR,I MUNICIPALIDAD DE ISLA DE MAIPO,Secpla,Región Metropolitana de Santiago,Isla de Maipo,2026-07-09 18:00,2026-10-27 10:00,,,,,CLP,No,"“REPOSICIÓN E INSTALACIÓN DE LUMINARIAS PÚBLICAS, COMUNA DE ISLA DE MAIPO”, CÓDIGO: 40013210-0. La comuna de Isla de Maipo tiene un parque lumínico antiguo e ineficiente, lo que genera altos costos de mantención y operación, además de sectores que no cuentan con iluminación vial dado el crecimiento de la población en la Comuna. La intervención consiste en la instalación de 3.359 luminarias en total, de las cuales se reponen cambian 2.710 luminarias y se incorporan al actual parque lumínico 649 nuevas luminarias. Estas están compuestas con tecnología LED de última generación, que dan cumplimiento a los niveles de iluminación exigidos en las actuales normativas vigentes a fin de asegurar los lineamientos de eficiencia energética que debe garantizarse durante su vida útil.",Ingeniería eléctrica y potencia,"eficiencia energetica, iluminacion, luminaria",https://www.mercadopublico.cl/Procurement/Modules/RFB/DetailsAcquisition.aspx?idlicitacion=3813-22-LR26
2709-81-LP26,ADQUISICION INSTALACION Y CONFIGURACION DE SERVIDOR Y CAMARAS DE TELEVIGILANCIA EN LA COMUNA DE OVALLE,Publicada,LP,MUNICIPALIDAD DE OVALLE,Municipalidad de Ovalle - Secplan,Región de Coquimbo ,,2026-10-07 09:36,2026-10-27 14:00,,,,100000000.0,CLP,Sí,"ADQUISICION, INSTALACION Y CONFIGURACION DE SERVIDOR Y CAMARAS DE TELEVIGILANCIA EN LA COMUNA DE OVALLE",Telecomunicaciones,"camaras de televigilancia, televigilancia",https://www.mercadopublico.cl/Procurement/Modules/RFB/DetailsAcquisition.aspx?idlicitacion=2709-81-LP26
1437-17-LE26,ADQUISICIÓN INSTALACIÓN Y PUESTA EN MARCHA DE SISTEMA DE PORTICOS DE TELEVIGILANCIA PARA LA COMUNA DE LLANQUIHUE,Publicada,LE,I MUNICIPALIDAD DE LLANQUIHUE,Ilustre Municipalidad de Llanquihue,Región de los Lagos ,Llanquihue,2026-10-08 00:07,2026-10-27 15:00,,,,55000000.0,CLP,Sí,"ADQUISICIÓN, INSTALACIÓN Y PUESTA EN MARCHA DE SISTEMA DE PORTICOS DE TELEVIGILANCIA PARA LA COMUNA DE LLANQUIHUE, SEGUN BASES ADMINISTRATIVAS, REQUERIMIENTOS TÉCNICOS Y DOCUMENTOS ANEXOS A LA PROPUESTA.",Telecomunicaciones,televigilancia,https://www.mercadopublico.cl/Procurement/Modules/RFB/DetailsAcquisition.aspx?idlicitacion=1437-17-LE26
407-130-LP26,MANTENIMIENTO SISTEMAS UPS,Publicada,LP,HOSPITAL GUILLERMO GRANT BENAVENTE DE CO,Hospital HGGB Operaciones,Región del Biobío ,Concepción,2026-10-05 12:50,2026-10-27 15:00,,,,,CLP,No,"Contratar el servicio integral de mantenimiento preventivo programado, correctivo de emergencia con cobertura 247 y suministro de repuestos e insumos para el parque de Sistemas de Alimentación Ininterrumpida UPS del Hospital Clínico Regional Dr. Guillermo Grant Benavente de Concepción, con el fin de garantizar la continuidad operativa, estabilidad y respaldo eléctrico ininterrumpido en las áreas críticas, unidades de apoyo diagnóstico y pabellones quirúrgicos del establecimiento durante un período de 36 meses",Ingeniería eléctrica y potencia,"electric, ups",https://www.mercadopublico.cl/Procurement/Modules/RFB/DetailsAcquisition.aspx?idlicitacion=407-130-LP26
953-21-LP26,Instalación Matriz Eléctrica Fotovoltaica CFAN,Publicada,LP,DELEGACIÓN PRESIDENCIAL REGIONAL DE COQUIMBO,Ministerio del Interior - Delegación Reg  Coquimbo,Región de Coquimbo ,La Serena,2026-10-05 12:30,2026-10-27 15:00,,,,,CLP,No,"Se requiere de la contratación para la adquisición equipos y servicios de instalación y habilitación de matriz eléctrica fotovoltaica, en las instalaciones del Complejo Fronterizo Agua Negra, Delegación Presidencial Regional de Coquimbo.",Ingeniería eléctrica y potencia,"electric, fotovoltaic",https://www.mercadopublico.cl/Procurement/Modules/RFB/DetailsAcquisition.aspx?idlicitacion=953-21-LP26
729531-1-L126,Mantención de sistema de alarma de incendio,Publicada,L1,CORP ADMINISTRATIVA DEL PODER JUDICIAL,Jdo de Garantia de Talcahuano,Región del Biobío ,Talcahuano,2026-10-06 15:08,2026-10-27 15:30,,,,32.0,CLF,Sí,Servicio de mantención de sistema de alarma de incendio para el edificio del Juzgado de Garantía de Talcahuano,Telecomunicaciones,sistema de alarma,https://www.mercadopublico.cl/Procurement/Modules/RFB/DetailsAcquisition.aspx?idlicitacion=729531-1-L126
5360-5-LP26,SERVICIOS DE ELECTRICIDAD Y DATOS UTA - ARICA,Publicada,LP,UNIVERSIDAD DE TARAPACA,DIRECCIÓN DE SERVICIOS Y  LOGÍSTICA,Región de Arica y Parinacota,Arica,2026-10-07 17:19,2026-10-27 16:00,,,,,CLP,No,"Proveer el suministro servicios de electricidad y datos en dependencias de la Universidad de Tarapacá en la Comuna de Arica. La presente licitación dará origen a un contrato de servicios por un periodo de 24 meses. Con cargo al
Centro de Costo 188 Unidad de Servicios y Logística.",Ingeniería eléctrica y potencia,electric,https://www.mercadopublico.cl/Procurement/Modules/RFB/DetailsAcquisition.aspx?idlicitacion=5360-5-LP26
895-23-LP26,CONSERV. ESTRUCTURAS METALICAS ESTAC. NIVOMETRICAS,Publicada,LP,MINISTERIO DE OBRAS PUBLICAS DIREC CION GRAL DE OO PP DCYF,Dirección General de Aguas - IV Región ,Región de Coquimbo ,La Serena,2026-10-07 16:50,2026-10-27 16:00,,,,,CLP,No,"El objetivo de la presente licitación es mejorar las condiciones de monitoreo hídrico de las estaciones nivométricas Cerro Vega Negra y El Soldado, mediante la mantención y mejoramiento de su infraestructura, incluyendo las estructuras metálicas, casetas, mástiles y cierres perimetrales, con el propósito de mejorar sus condiciones de operación, protección y funcionalidad.",Ingeniería estructural,estructuras metalica,https://www.mercadopublico.cl/Procurement/Modules/RFB/DetailsAcquisition.aspx?idlicitacion=895-23-LP26
2704-84-LP26,SERVICIO DE TELECOMUNICACIONES - SC 4453,Publicada,LP,UNIVERSIDAD DEL BIO BIO,Universidad del Bío-Bío - Campus Concepción,Región del Biobío ,Concepción,2026-10-07 11:06,2026-10-27 18:00,,,,,CLP,No,"CONTRATACIÓN DEL SERVICIO DE TELECOMUNICACIONES PARA LA UNIVERSIDAD DEL BÍO-BÍO

 SC 4453",Telecomunicaciones,telecomunicacion,https://www.mercadopublico.cl/Procurement/Modules/RFB/DetailsAcquisition.aspx?idlicitacion=2704-84-LP26
2369-93-LP26,PP 105 Construc. iluminación exterior Consistorial,Publicada,LP,I MUNICIPALIDAD DE ARICA,SECRETARIA COMUNAL DE PLANIFICACIÓN,Región de Arica y Parinacota,Arica,2026-10-07 09:15,2026-10-28 10:00,,,,,CLP,No,La Municipalidad de Arica requiere ejecutar proyecto denominado Construcción iluminación exterior edificio Consistorial Arica.,Ingeniería eléctrica y potencia,iluminacion,https://www.mercadopublico.cl/Procurement/Modules/RFB/DetailsAcquisition.aspx?idlicitacion=2369-93-LP26
2275-34-LP26,MEJORAMIENTO DE ILUMINACIÓN EN CALLE SAN FRANCISCO,Publicada,LP,I MUNICIPALIDAD DE LA PINTANA,LICITACIONES SECPLAC,Región Metropolitana de Santiago,La Pintana,2026-09-28 16:18,2026-10-28 15:00,,,,,CLP,No,"La Municipalidad de La Pintana requiere contratar la ejecución del proyecto “MEJORAMIENTO DE ILUMINACIÓN EN CALLE SAN FRANCISCO”, según lo establecido en las bases de licitación.",Ingeniería eléctrica y potencia,iluminacion,https://www.mercadopublico.cl/Procurement/Modules/RFB/DetailsAcquisition.aspx?idlicitacion=2275-34-LP26
2735-142-LR26,SUMINISTRO ENERGÍA ELÉCTRICA CLIENTE LIBRE LB.,Publicada,LR,I MUNICIPALIDAD LO BARNECHEA,Municipalidad de lo Barnechea - Adquisiciones - Consistorial,Región Metropolitana de Santiago,Lo Barnechea,2026-09-28 13:10,2026-10-28 15:31,,,,,CLP,No,"la adquisición centralizada de suministro de energía y potencia eléctrica, a través de la modalidad de “cliente libre”, que a su vez permite contribuir con el uso de los recursos públicos de forma eficiente.

El municipio cuenta con diferentes tipos de luminarias distribuidas en todo el territorio municipal, las cuales cumplen con los requerimientos legales para optar al régimen “Cliente Libre”, las que se detallan a continuación:

Parque Lumínico: 

•	N° Clientes:1215951-K, 1219289-4, 3126415-4, 3317802-6 y 1219288-6
•	Dirección del suministro: Av. El Rodeo N° 12.777, Lo Barnechea.
•	Potencia conectada: 2360,76 kW.
•	Consumo anual: 10,34GWh.
•	Horario de funcionamiento Nocturno 18:00 a 06:00 hrs: 4.380 hrs Anuales

Cabe hacer presente que la oferta económica presentada es válida para todas las luminarias referidas en la presente licitación.",Ingeniería eléctrica y potencia,"electric, luminaria",https://www.mercadopublico.cl/Procurement/Modules/RFB/DetailsAcquisition.aspx?idlicitacion=2735-142-LR26
2369-85-LR26,PP 80 Normalización eléctrica CESFAM A. Neghme,Publicada,LR,I MUNICIPALIDAD DE ARICA,SECRETARIA COMUNAL DE PLANIFICACIÓN,Región de Arica y Parinacota,Arica,2026-09-28 12:22,2026-10-28 16:00,,,,,CLP,No,"Normalización de las instalaciones eléctricas de ambos recintos, incluyendo la implementación del sistema de climatización y el reemplazo del grupo electrógeno destinado al respaldo energético del establecimiento.",Ingeniería eléctrica y potencia | Construcción y montaje,"electric, grupo electrogeno, instalaciones electric, normalizacion electric",https://www.mercadopublico.cl/Procurement/Modules/RFB/DetailsAcquisition.aspx?idlicitacion=2369-85-LR26
729587-1-L126,MANTENCIÓN GRUPO ELECTRÓGENO,Publicada,L1,CORP ADMINISTRATIVA DEL PODER JUDICIAL,Jdo de Garantia de San Pedro de la Paz,Región del Biobío ,San Pedro de La Paz,2026-10-07 12:34,2026-10-28 16:21,,,,96.0,CLF,Sí,Servicio de mantención preventiva anual de grupo electrógeno del edificio que alberga al Juzgado de Garantía de San Pedro de la Paz,Ingeniería eléctrica y potencia,grupo electrogeno,https://www.mercadopublico.cl/Procurement/Modules/RFB/DetailsAcquisition.aspx?idlicitacion=729587-1-L126
2369-86-LP26,PP 98 Mejor. alumbrado público y televigilancia,Publicada,LP,I MUNICIPALIDAD DE ARICA,SECRETARIA COMUNAL DE PLANIFICACIÓN,Región de Arica y Parinacota,Arica,2026-09-29 12:01,2026-10-29 10:00,,,,,CLP,No,La Municipalidad de Arica requiere ejecutar proyecto denominado Mejoramiento y ampliación alumbrado público y sistema de televigilancia Barrio Lastarria.,Ingeniería eléctrica y potencia | Telecomunicaciones,"alumbrado, televigilancia",https://www.mercadopublico.cl/Procurement/Modules/RFB/DetailsAcquisition.aspx?idlicitacion=2369-86-LP26
3768-20-LP26,Construcción Alumbrado Público Fotovoltaico,Publicada,LP,I MUNICIPALIDAD DE QUINCHAO,Secplan,Región de los Lagos ,Quinchao,2026-10-09 11:57,2026-10-29 10:00,,,,128037068.0,CLP,Sí,"Ejecución de proyecto denominado “Construcción Alumbrado Público Fotovoltaico Isla de Quinchao, Comuna de Quinchao”, Código BIP 40077781-0.",Ingeniería eléctrica y potencia,"alumbrado, fotovoltaic",https://www.mercadopublico.cl/Procurement/Modules/RFB/DetailsAcquisition.aspx?idlicitacion=3768-20-LP26
2723-71-LR26,Servicio de Radiocomunicaciones Municipalidad de Buin,Publicada,LR,I MUNICIPALIDAD DE BUIN,MUNICIPALIDAD DE BUIN_ SECPLA,Región Metropolitana de Santiago,Buin,2026-09-28 17:22,2026-10-29 10:45,,,,,CLF,No,"La provisión, implementación, operación y mantenimiento de un sistema integral de radiocomunicaciones destinado a la Ilustre Municipalidad de Buin. Este sistema es de carácter estratégico para el fortalecimiento de las capacidades operativas municipales.",Telecomunicaciones,radiocomunicacion,https://www.mercadopublico.cl/Procurement/Modules/RFB/DetailsAcquisition.aspx?idlicitacion=2723-71-LR26
1491-21-LP26,servicio de extension de red electrica aerea en MT,Publicada,LP,DIRECCION GENERAL DE AERONAUTICA CIVIL,UNIDAD DE COMPRA VALDIVIA,Región de Los Ríos,Corral,2026-10-09 10:24,2026-10-29 12:00,,,,110000000.0,CLP,Sí,servicio de extensión de red eléctrica aérea en media tensión para abastecimiento de nueva subestación eléctrica del aeródromo pichoy,Ingeniería eléctrica y potencia,"electric, media tension, subestacion",https://www.mercadopublico.cl/Procurement/Modules/RFB/DetailsAcquisition.aspx?idlicitacion=1491-21-LP26
2741-69-LP26,NUEVAS ESTACIONES DE TELEVIGILANCIA PLAZA DE ARMA,Publicada,LP,I MUNICIPALIDAD DE SAN FELIPE,SECPLA - MUNISANFE,Región de Valparaíso ,San Felipe,2026-10-09 14:49,2026-10-29 12:00,,,,190000000.0,CLP,Sí,"NUEVAS ESTACIONES DE VIGILANCIA, PLAZA DE  ARMAS Y CENTROS EDUCACIONALES DE LA COMUNA DE SAN FELIPE",Telecomunicaciones,televigilancia,https://www.mercadopublico.cl/Procurement/Modules/RFB/DetailsAcquisition.aspx?idlicitacion=2741-69-LP26
3798-21-LE26,INSTALACIÓN SISTEMA DE ALUMBRADO PÚBLICO EMPEDRADO ID PROYECTO 7104250703-C FINANCIADO CON RECURSOS DEL PROGRAMA MEJORAMIENTO DE BARRIOS E76042026,Publicada,LE,I MUNICIPALIDAD DE EMPEDRADO,SECPLAN,Región del Maule ,Empedrado,2026-10-09 11:40,2026-10-29 12:00,,,,57594661.0,CLP,Sí,"INSTALACIÓN SISTEMA DE ALUMBRADO PÚBLICO, EMPEDRADO ID PROYECTO 7104250703-C, FINANCIADO CON RECURSOS DEL PROGRAMA MEJORAMIENTO DE BARRIOS (E7604/2026), SEGÚN DOCUMENTACIÓN ADJUNTA",Ingeniería eléctrica y potencia,alumbrado,https://www.mercadopublico.cl/Procurement/Modules/RFB/DetailsAcquisition.aspx?idlicitacion=3798-21-LE26
1224957-62-LR26,CONTRATACIÓN DE SERVICIO DE TELECOMUNICACIONES PARA CENTROS DE SALUD DE ÑUÑOA,Publicada,LR,CORP MUNICIPAL DE DESARROLLO SOCIAL DE NUNOA,CMDS Nivel Central,Región Metropolitana de Santiago,Ñuñoa,2026-09-29 13:03,2026-10-29 13:05,,,,,CLP,No,"Prestación de servicios de telecomunicaciones que garanticen conectividad estable y
soluciones de telefonía IP para centros de salud dependientes de la red comunal.",Telecomunicaciones,"telecomunicacion, telefonia ip",https://www.mercadopublico.cl/Procurement/Modules/RFB/DetailsAcquisition.aspx?idlicitacion=1224957-62-LR26
3997-63-LP26,SERVICIO DE MANTENCIÓN DE ALUMBRADO PÚBLICO 2026– 2028 COMUNA DE COLTAUCO,Publicada,LP,I MUNICIPALIDAD DE COLTAUCO,Administración Municipal,Región del Libertador General Bernardo O´Higgins,,2026-10-09 14:02,2026-10-29 15:00,,,,239500000.0,CLP,Sí,"La Municipalidad de Coltauco requiere la contratación de Servicios de Mantención, reparación y reposición de Alumbrado Público, corta y/o poda de árboles bajo tendido de alumbrado público urbano y rural de la comuna de Coltauco, por un periodo de 24 meses.",Ingeniería eléctrica y potencia,alumbrado,https://www.mercadopublico.cl/Procurement/Modules/RFB/DetailsAcquisition.aspx?idlicitacion=3997-63-LP26
1300-52-LP26,SISTEMA DE GENERACIÓN ELÉCTRICA RQ 154331,Publicada,LP,SERVICIO NACIONAL DEL ADULTO MAYOR,Servicio Nacional del Adulto Mayor,Región Metropolitana de Santiago,Santiago,2026-10-01 16:58,2026-10-29 15:30,,,,,CLP,No,"La presente contratación se enmarca en una iniciativa institucional impulsada por el Servicio Nacional
del Adulto Mayor SENAMA, iniciada durante el período anual anterior, cuyo propósito es fortalecer
la continuidad operacional y el estándar de seguridad de los establecimientos bajo su dependencia,
mediante la implementación de sistemas de respaldo eléctrico que permitan enfrentar
adecuadamente contingencias derivadas de interrupciones del suministro de energía proveniente de
la red pública de distribución.",Ingeniería eléctrica y potencia,electric,https://www.mercadopublico.cl/Procurement/Modules/RFB/DetailsAcquisition.aspx?idlicitacion=1300-52-LP26
1969-20-LP26,SISTEMA DE RADIOCOMUNICACIONES REGION DEL BIOBIO,Publicada,LP,DIRECCION GENERAL DE GENDARMERIA DE CHIL,Región del Bio Bío,Región del Biobío ,Santiago Centro,2026-09-30 14:15,2026-10-29 16:00,,,,300000000.0,CLP,Sí,"E1O2RT9 GENDARMERIA DE CHILE, REQUIERE LA ADQUISICIÓN DEL SISTEMA DE RADIOCOMUNICACIONES REGION DEL BIOBIO, QUE INCLUYA LINEA 1: TERMINALES ESTÁNDAR TETRA y TERMINALES LTE Y LINEA 2: TERMINAL HF DIGITAL DE ACUERDO A LO SOLICITADO EN LAS PRESENTES BASES DE LICITACIÓN PÚBLICA.",Telecomunicaciones,radiocomunicacion,https://www.mercadopublico.cl/Procurement/Modules/RFB/DetailsAcquisition.aspx?idlicitacion=1969-20-LP26
1997-9-LP26,RENOVACIÓN ADECUACIÓN Y NORMALIZACIÓN ELECTRICO,Publicada,LP,DELEGACIÓN PRESIDENCIAL PROVINCIAL DE EL LOA,DELEGACIÓN PRESIDENCIAL PROVINCIAL DE EL LOA,Región de Antofagasta ,Calama,2026-10-09 16:30,2026-10-29 16:00,,,,107000000.0,CLP,Sí,"La contratación contempla la renovación, adecuación y normalización integral del
sistema eléctrico del Complejo Fronterizo Ollagüe, mediante la ejecución de las obras
necesarias para mejorar sus condiciones de seguridad, continuidad operacional,
confiabilidad y eficiencia, de acuerdo con la normativa eléctrica vigente y las
especificaciones técnicas del proyecto.",Ingeniería eléctrica y potencia | Construcción y montaje,"electric, normalizacion electric",https://www.mercadopublico.cl/Procurement/Modules/RFB/DetailsAcquisition.aspx?idlicitacion=1997-9-LP26
932-32-LP26,SERVICIO DE SEGURIDAD: VIGILANTES Y MANTENCION CIRCUITO CERRADO DE TELEVISION CCTV PARA COMPLEJO DEPORTIVO HERMOGENES LIZANA Y DIRECCIÓN REGIONAL DEL INSTITUTO NACIONAL DE DEPORTES DE CHILE REGION LIBERTADOR GENERAL BERNARDO O´HIGGINS,Publicada,LP,INSTITUTO NACIONAL DE DEPORTES DE CHILE,I.N.D. REGION VI,Región del Libertador General Bernardo O´Higgins,,2026-10-09 16:06,2026-10-29 16:00,,,,110000000.0,CLP,Sí,"EL IND REQUIERE LA CONTRATACIÓN DEL SERVICIO DE SEGURIDAD: VIGILANTES Y MANTENCION CIRCUITO CERRADO DE TELEVISION (CCTV) PARA COMPLEJO DEPORTIVO HERMOGENES LIZANA Y DIRECCIÓN REGIONAL DEL INSTITUTO NACIONAL DE DEPORTES DE CHILE, REGION LIBERTADOR GENERAL BERNARDO O´HIGGINS, mediante un proceso de Licitación Pública, siendo necesario aprobar, previamente, las Bases Administrativas, Técnicas y Anexos que regularán dicho proceso de contratación.",Telecomunicaciones,cctv,https://www.mercadopublico.cl/Procurement/Modules/RFB/DetailsAcquisition.aspx?idlicitacion=932-32-LP26
2755-35-LR26,CONTRATO MANTENIMIENTO SISTEMA ALUMBRADO PÚBLICO,Publicada,LR,I MUNICIPALIDAD DE SAN ANTONIO,IMunicipalidad de San Antonio,Región de Valparaíso ,San Antonio,2026-09-29 16:38,2026-10-29 17:00,,,,4200000000.0,CLP,Sí,"CONTRATAR EL SERVICIO DE MANTENIMIENTO PREVENTIVO Y CORRECTIVO DEL SISTEMA DE ALUMBRADO PÚBLICO SAP DE LA COMUNA DE SAN ANTONIO, INCLUYENDO CONSERVACIÓN, REPARACIÓN, REPOSICIÓN Y DEMÁS PRESTACIONES ESTABLECIDAS EN LAS BASES ADMINISTRATIVAS, BASES TÉCNICAS Y ANEXOS DE LA LICITACIÓN.",Ingeniería eléctrica y potencia,alumbrado,https://www.mercadopublico.cl/Procurement/Modules/RFB/DetailsAcquisition.aspx?idlicitacion=2755-35-LR26
1268-8-O126,Csv. Sistema Eléctrico Puerto Pesquero Artesanal Lebu,Publicada,O1,MINISTERIO DE OBRAS PUBLICAS DIREC CION GRAL DE OO PP DCYF,Dirección de Obras Portuarias - Concepción,Región del Biobío ,Concepción,2026-10-08 09:04,2026-10-30 11:30,,,,,CLP,No,"El proyecto de Conservación Eléctrica del Puerto Pesquero Artesanal de Lebu, permitirá: Normalizar una sección del sistema eléctrico existente; Dar continuidad del suministro eléctrico y la seguridad operativa; Normalizar tableros y sistemas de control y bombeo existente y Cumplir integralmente la normativa eléctrica vigente DS8 y RIC, generando condiciones óptimas para los pescadores y usuarios del puerto pesquero artesanal.",Ingeniería eléctrica y potencia,electric,https://www.mercadopublico.cl/Procurement/Modules/RFB/DetailsAcquisition.aspx?idlicitacion=1268-8-O126
2490-98-LE26,CONSTRUCCION DE SISTEMAS DE PANELES SOLARES PARA EL CAFÉ LITERARIO SANTA ISABEL,Publicada,LE,I MUNICIPALIDAD DE PROVIDENCIA,Dirección de Secpla,Región Metropolitana de Santiago,Providencia,2026-10-09 16:05,2026-10-30 15:00,,,,30000000.0,CLP,Sí,"CONSTRUCCION DE SISTEMAS DE PANELES SOLARES PARA EL CAFÉ LITERARIO SANTA ISABEL, tiene como objetivo la provisión e instalación de un sistema de autogeneración con paneles solares en el e Café Literario Santa Isabel, ubicado en la calle santa Isabel 1240.",Ingeniería eléctrica y potencia,paneles solar,https://www.mercadopublico.cl/Procurement/Modules/RFB/DetailsAcquisition.aspx?idlicitacion=2490-98-LE26
3666-14-LE26,MÁS ILUMINACIÓN MÁS SEGURIDAD TILTIL,Publicada,LE,I MUNICIPALIDAD DE TIL TIL,Secretaria Comunal Planificacion,Región Metropolitana de Santiago,Til Til,2026-10-08 11:31,2026-10-30 15:00,,,,50000000.0,CLP,Sí,"La Municipalidad de TilTil, en el marco del Proyecto “MAS LUMINARIAS, MAS SEGURIDAD, SNSM24-IL-0036, MUNICIPALIDAD DE TILTIL”, financiado por la Subsecretaria de Prevención del Delito, busca recuperar espacios públicos de alto tránsito peatonal, como también, generar un control visual mediante la iluminación de estos a objeto de mejorar la percepción de seguridad de los vecinos y vecinas que los transitan.
Este proyecto surge para corregir el déficit lumínico identificado en cinco sectores críticos de la comuna que corresponden a: Plaza la Paz, el contexto inmediato del edificio consistorial de Tiltil, Puente Barros Arana, Pasarela Daniel Moya y Bandejón Central de la calle 1 Sur en Huertos Familiares. La situación actual se caracteriza por una iluminación pública insuficiente que afecta directamente la seguridad peatonal y vehicular, limitando el uso seguro del espacio público durante horario nocturno y restringiendo la funcionalidad urbana básica.",Ingeniería eléctrica y potencia,"iluminacion, luminaria",https://www.mercadopublico.cl/Procurement/Modules/RFB/DetailsAcquisition.aspx?idlicitacion=3666-14-LE26
4031-17-LP26,SISTEMA DE CAMARAS DE TELEVIGILANCIA COMUNA CAMIÑA,Publicada,LP,ILUSTRE MUNICIPALIDAD DE CAMINA,Secoplac,Región de Tarapacá  ,Camiña,2026-09-29 19:50,2026-10-30 15:00,,,,122000000.0,CLP,Sí,"La presente intervención tiene por objeto la implementación y puesta en funcionamiento de un sistema de cámaras de televigilancia para la comuna de Camiña, orientado a fortalecer las capacidades de prevención, monitoreo y apoyo a la seguridad comunal, mediante la instalación de infraestructura y equipamiento tecnológico destinado a la vigilancia de puntos estratégicos del territorio",Telecomunicaciones,"camaras de televigilancia, televigilancia",https://www.mercadopublico.cl/Procurement/Modules/RFB/DetailsAcquisition.aspx?idlicitacion=4031-17-LP26
3612-23-LP26,REPOSICIÓN DE VEREDAS Y CONSTRUCCIÓN DE ILUMINACIÓN CALLE SAN SEBASTIÁN ENTRE 8 DE OCTUBRE Y 18 DE SEPTIEMBRE COMUNA DE SAAVEDRA,Publicada,LP,I MUNICIPALIDAD DE SAAVEDRA,Municipalidad de Saavedra-secplan,Región de la Araucanía ,Puerto Saavedra,2026-09-30 15:37,2026-10-30 18:00,,,,,CLP,No,"REPOSICIÓN DE VEREDAS Y CONSTRUCCIÓN DE ILUMINACIÓN CALLE SAN SEBASTIÁN ENTRE 8 DE OCTUBRE Y 18 DE SEPTIEMBRE, COMUNA DE SAAVEDRA",Ingeniería eléctrica y potencia,iluminacion,https://www.mercadopublico.cl/Procurement/Modules/RFB/DetailsAcquisition.aspx?idlicitacion=3612-23-LP26
2408-168-LP26,INSTALACIÓN DE ALUMBRADO PÚBLICO RURAL LOS ÁNGELES,Publicada,LP,I MUNICIPALIDAD DE LOS ANGELES,IMUNI_LOSANGELES ADQUISICIONES,Región del Biobío ,Los Angeles,2026-09-24 16:52,2026-11-03 09:00,,,,80000000.0,CLP,Sí,"Se requiere la construcción de nueva Red de alumbrado público e instalación luminarias Led, equipos de medida para el sector rural de la comuna de Los Angeles",Ingeniería eléctrica y potencia,"alumbrado, luminaria",https://www.mercadopublico.cl/Procurement/Modules/RFB/DetailsAcquisition.aspx?idlicitacion=2408-168-LP26
2709-63-LP26,CONSTRUCCIÓN ALUMBRADO PÚBLICO SECTOR URBANO Y RURAL DE LA COMUNA DE OVALLE CÓDIGO BIP 40073483-0,Publicada,LP,MUNICIPALIDAD DE OVALLE,Municipalidad de Ovalle - Secplan,Región de Coquimbo ,Ovalle,2026-10-02 09:53,2026-11-03 14:00,,,,250000000.0,CLP,Sí,CONSTRUCCIÓN ALUMBRADO PÚBLICO SECTOR URBANO Y RURAL DE LA COMUNA DE OVALLE CÓDIGO BIP 40073483-0,Ingeniería eléctrica y potencia,alumbrado,https://www.mercadopublico.cl/Procurement/Modules/RFB/DetailsAcquisition.aspx?idlicitacion=2709-63-LP26
2359-16-LR26,SERVICIO TELEFONÍA IP E INTERNET,Publicada,LR,I MUNICIPALIDAD DE TALCAHUANO,DEPTO.  ADMINISTRATIVO,Región del Biobío ,Talcahuano,2026-10-02 09:47,2026-11-03 15:30,,,,,CLP,No,"SERVICIO INTEGRAL DE COMUNICACIONES UNIFICADAS, CONECTIVIDAD, INTERNET, Wi‑Fi, TELEFONÍA IP Y RENOVACIÓN DE INFRAESTRUCTURA LAN",Telecomunicaciones,"telefonia ip, wifi",https://www.mercadopublico.cl/Procurement/Modules/RFB/DetailsAcquisition.aspx?idlicitacion=2359-16-LR26
2322-96-LP26,CONSTRUCCION LUMINARIAS ORNAMENTALES EJE SERRANO -VALLENAR ,Publicada,LP,I MUNICIPALIDAD DE VALLENAR,I MUNICIPALIDAD DE VALLENAR,Región de Atacama ,Copiapó,2026-10-06 11:35,2026-11-04 15:30,,,,111926194.0,CLP,Sí,CONSTRUCCION LUMINARIAS ORNAMENTALES EJE SERRANO -VALLENAR,Ingeniería eléctrica y potencia,luminaria,https://www.mercadopublico.cl/Procurement/Modules/RFB/DetailsAcquisition.aspx?idlicitacion=2322-96-LP26
2322-97-LP26,CONSTRUCCION LUMINARIAS ORNAMENTALES EJE SANTIAGO-VALLENAR,Publicada,LP,I MUNICIPALIDAD DE VALLENAR,I MUNICIPALIDAD DE VALLENAR,Región de Atacama ,Copiapó,2026-10-06 13:08,2026-11-04 15:30,,,,149782325.0,CLP,Sí,CONSTRUCCION LUMINARIAS ORNAMENTALES EJE SANTIAGO-VALLENAR,Ingeniería eléctrica y potencia,luminaria,https://www.mercadopublico.cl/Procurement/Modules/RFB/DetailsAcquisition.aspx?idlicitacion=2322-97-LP26
3211-12-LP26,INSTALACIÓN DE LUMINARIAS LED CALLE RODRÍGUEZ,Publicada,LP,I MUNICIPALIDAD DE COLLIPULLI,Secretaría de Planificación,Región de la Araucanía ,Collipulli,2026-10-08 10:09,2026-11-04 15:30,,,,,CLP,No,"INSTALACIÓN DE LUMINARIAS LED ORNAMENTALES CALLE RODRÍGUEZ MININCO, COLLIPULLI",Ingeniería eléctrica y potencia,luminaria,https://www.mercadopublico.cl/Procurement/Modules/RFB/DetailsAcquisition.aspx?idlicitacion=3211-12-LP26
4511-56-LP26,“Construcción Sistema de Alumbrado Peatonal Copihue Retiro”,Publicada,LP,ILUSTRE MUNICIPALIDAD DE RETIRO,Secpla,Región del Maule ,Retiro,2026-09-28 16:33,2026-11-05 15:01,,,,179620000.0,CLP,Sí,"La Ilustre Municipalidad de Retiro, en adelante la “Municipalidad”, llama a licitación pública la instalación eléctrica, montaje, conexión y pruebas de elementos para dejar en operación el sistema eléctrico del proyecto de construcción sistema de alumbrado público peatonal para Copihue. El proyecto considera la instalación de iluminación peatonal de las calles Faustino Sarmiento, Gabriela Mistral, César Lobos Lastra, Camilo Henríquez, Avenida B. O’Higgins, San Martín y Julio Villanueva. Se intervienen aprox. 1615 metros lineales, todo conforme a las exigencias de las presentes Bases Administrativas, Especificaciones Técnicas y Planos del proyecto, Presupuesto, Consultas, Respuestas y Aclaraciones.",Ingeniería eléctrica y potencia | Construcción y montaje,"alumbrado, electric, iluminacion, instalacion electric",https://www.mercadopublico.cl/Procurement/Modules/RFB/DetailsAcquisition.aspx?idlicitacion=4511-56-LP26
2277-20-LP26,REFORZAMIENTO SISTEMA DE TELEVIGILANCIA,Publicada,LP,MUNICIPALIDAD DE PUDAHUEL,UNIDAD DE LICITACIONES DE PUDAHUEL,Región Metropolitana de Santiago,Pudahuel,2026-10-06 14:02,2026-11-06 09:00,,,,,CLP,No,"Contratación del servicio para el reforzamiento del sistema de televigilancia para barrios más seguros, según los requerimientos expresados en Especificaciones Técnicas",Telecomunicaciones,televigilancia,https://www.mercadopublico.cl/Procurement/Modules/RFB/DetailsAcquisition.aspx?idlicitacion=2277-20-LP26
3516-50-LR26,SER INTERNET FIBRA ÓPTICA PARA MUN CARAHUE,Publicada,LR,I MUNICIPALIDAD DE CARAHUE,Adquisiciones,Región de la Araucanía ,Carahue,2026-10-06 08:25,2026-11-06 09:00,,,,450000000.0,CLP,Sí,"Conforme a la ley N° 19.886, de Bases sobre Contratos Administrativos de Suministro y Prestación de Servicios, el Decreto Nº 661, de 2024, del Ministerio de Hacienda, que Aprueba reglamento de la ley N° 19.886 de Bases sobre Contratos Administrativos de Suministro y Prestación de Servicios, la Municipalidad de Carahue llama a licitación pública a personas naturales o jurídicas, empresas o proveedores del rubro, o unión temporal de proveedores, para establecer un contrato por “ADQUISICIÓN DE SERVICIO DE INTERNET FIBRA ÓPTICA PARA MUNICIPALIDAD, CON EQUIPAMIENTO DE RED, TELEFONIA, RESPALDO SATELITAL Y SEGURIDAD PERIMETRAL”.",Telecomunicaciones,fibra optica,https://www.mercadopublico.cl/Procurement/Modules/RFB/DetailsAcquisition.aspx?idlicitacion=3516-50-LR26
2490-94-LR26,SERVICIO INTEGRAL DE SOPORTE Y MANTENCIÓN DEL SISTEMA TELEVIGILANCIA COMUNAL PERIODO 2026-2030,Publicada,LR,I MUNICIPALIDAD DE PROVIDENCIA,Dirección de Secpla,Región Metropolitana de Santiago,Providencia,2026-10-06 13:43,2026-11-06 12:00,,,,45384.0,CLF,Sí,"La Municipalidad de Providencia requiere contratar el “SERVICIO INTEGRAL DE SOPORTE Y MANTENCIÓN DEL SISTEMA TELEVIGILANCIA COMUNAL PERIODO 2026-2030”, cuyo objetivo es contratar un servicio de soporte y mantención por un periodo de 4 años, que asegure la continuidad operativa de la red comunal de cámaras de televigilancia y, asimismo, permita la ejecución de modificaciones, adecuaciones y ampliaciones puntuales del subsistema en la comuna de Providencia.",Telecomunicaciones,"camaras de televigilancia, televigilancia",https://www.mercadopublico.cl/Procurement/Modules/RFB/DetailsAcquisition.aspx?idlicitacion=2490-94-LR26
2421-52-LR26,SUMINISTRO SERVICIO DE TELECOMUNICACIONES DATOS Y VOZ,Publicada,LR,I MUNICIPALIDAD DE CONCEPCION,DIRECCION DE SALUD MUNICIPAL DE CONCEPCION,Región del Biobío ,Concepción,2026-10-08 09:46,2026-11-09 15:00,,,,,CLP,No,LA DIRECCION DE SALUD DE CONCEPCION SOLICITA LA ADQUISICION DE SUMINISTRO DE SERVICIO DE TELECOMUNICACIONES DE DATOS Y VOZ POR UN PLAZO DE 60 MESES.,Telecomunicaciones,telecomunicacion,https://www.mercadopublico.cl/Procurement/Modules/RFB/DetailsAcquisition.aspx?idlicitacion=2421-52-LR26
514862-134-LR26,SISTEMA TELECOMUNICACIONES CORMUP 10032998,Publicada,LR,CORPORACION MUNICIPAL DE PENALOLEN PARA EL DESARROLO SOCIAL CORMUP,CORPORACION MUNICIPAL DE PENALOLEN PARA EL DESARRO,Región Metropolitana de Santiago,Peñalolén,2026-10-05 18:20,2026-11-09 15:01,,,,19421.0,CLF,Sí,SISTEMA INTEGRADO TELECOMUNICACIONES CORMUP 10032998,Telecomunicaciones,telecomunicacion,https://www.mercadopublico.cl/Procurement/Modules/RFB/DetailsAcquisition.aspx?idlicitacion=514862-134-LR26
4483-25-LP26,AMPLIACION DEL SISTEMA DE TELEVIGILANCIA TIERRA AMARILLA,Publicada,LP,I MUNICIPALIDAD DE TIERRA AMARILLA,Secretaria Comunal de Planificación,Región de Atacama ,Tierra Amarilla,2026-10-09 12:04,2026-11-09 15:30,,,,,CLP,No,"El proyecto contempla la ampliación del sistema de televigilancia para la comuna de Tierra Amarilla, según Decreto Alcaldicio N°3070 de fecha 04/08/2026 que aprueba bases.",Telecomunicaciones,televigilancia,https://www.mercadopublico.cl/Procurement/Modules/RFB/DetailsAcquisition.aspx?idlicitacion=4483-25-LP26
619133-119-LR26,SERVICIOS DE GUARDIAS DE SEGURIDAD SERVICIO DE MONITOREO Y VIGILANCIA MEDIANTE CCTV,Publicada,LR,SERVICIO SALUD SAN FELIPE LOS ANDES HOSP,Hospital San Camilo de San Felipe,Región de Valparaíso ,San Felipe,2026-10-09 18:34,2026-11-09 17:30,,,,,CLP,No,"Las presentes Bases Administrativas rigen el llamado a licitación pública “SERVICIOS DE GUARDIAS DE SEGURIDAD, SERVICIO DE MONITOREO Y VIGILANCIA MEDIANTE CCTV” del Hospital San Camilo, ubicado en Av. Miraflores 2085 San Felipe, Quinta región, aplicando los procedimientos establecidos en la Ley de Compras N° 19.886 de la Administración Pública.",Telecomunicaciones,cctv,https://www.mercadopublico.cl/Procurement/Modules/RFB/DetailsAcquisition.aspx?idlicitacion=619133-119-LR26
4794-5-LP26,INSPECCIÓN TÉCNICA DE OBRAS HCD FAVET,Publicada,LP,UNIVERSIDAD DE CHILE,VAEGI Dirección Servicios e Infraestructura (I),Región Metropolitana de Santiago,Santiago Centro,2026-09-28 14:09,2026-11-10 15:00,,,,2100.0,CLF,Sí,"La licitación consiste en contratar servicios profesionales de inspección técnica de obras ITO, la modalidad de contratación es a “Serie de Precios Unitarios”, consistente en que la oferta es a serie de precios unitarios fijos por honorarios de profesionales incluidos en los servicios, y de acuerdo a los requerimientos y necesidades indicados en las presentes bases administrativas, aplicados a cubicaciones provisionales de servicios y especialidades establecidas por las presentes bases, y cuyo valor total corresponde a la suma de los productos de los referidos precios por dichas cubicaciones. Los precios unitarios se entenderán inamovibles y las cubicaciones se ajustarán a los servicios efectivamente realizados, verificadas por el IFO, de acuerdo con los documentos de la licitación.",Construcción y montaje,"inspeccion tecnica de obra, ito",https://www.mercadopublico.cl/Procurement/Modules/RFB/DetailsAcquisition.aspx?idlicitacion=4794-5-LP26
1549-103-LP26,SERVICIO DE RADIOCOMUNICACIÓN INTERNO Y EXTERNO,Publicada,LP,SERVICIO DE SALUD METROPOLITANA NORTE HOSPITAL SAN JOSE,Hospital San  José,Región Metropolitana de Santiago,Independencia,2026-10-08 11:22,2026-11-12 15:00,,,,,CLP,No,"de acuerdo con lo establecido en la Resolución Exenta N° 443, de fecha 26 de enero de 2026, que aprueba Plan Anual de Compras y Contrataciones año 2026 para el Complejo Hospitalario San José, se requiere el arriendo de sistema de radiocomunicación interno y externo para el uso de frecuencias vhf y uhf asignadas al hospital San José... VER EN DOCUMENTOS ADJUNTOS.",Telecomunicaciones,"radiocomunicacion, uhf, vhf",https://www.mercadopublico.cl/Procurement/Modules/RFB/DetailsAcquisition.aspx?idlicitacion=1549-103-LP26
2434-25-LR26,MEJORAMIENTO SISTEMA ALUMBRADO PÚBLICO,Publicada,LR,I MUNICIPALIDAD ESTACION CENTRAL,SECRETARIA COMUNAL DE PLANIFICACION,Región Metropolitana de Santiago,Estación Central,2026-09-30 19:22,2026-11-16 15:00,,,,,CLP,No,"La presente licitación pública comprende la ejecución de un proyecto consistente en obras destinadas a la implementación del MEJORAMIENTO SISTEMA DE ALUMBRADO PÚBLICO, COMUNA DE ESTACIÓN CENTRAL, CÓDIGO BIP N°40004435-0, financiado por el Gobierno Regional Metropolitano.
Se contempla la intervención del sistema de alumbrado público de la comuna de Estación Central. Dichas obras consideran el retiro de las actuales luminarias de sodio en las diversas potencias, todas ellas en etapa de obsolescencia por nuevas luminarias de tecnología LED de las características técnicas que se indican en las especificaciones técnicas con el objeto de aumentar los flujos luminosos del alumbrado público y disminuir los consumos de energía eléctrica respecto a la actual facturación, con el objetivo de mejorar las condiciones de visibilidad y seguridad en el entorno urbano.

El contratista deberá ejecutar los trabajos con apego a todos los antecedentes entregados en la licitación, a las Bases Administrativas, Bases Técnicas, Planos, catastros, etc. Estos antecedentes se interpretarán siempre en el sentido que contribuyan a la mejor forma de ejecución de los trabajos con apego a las normas técnicas, las sugerencias formales del contratista y de la ITO, todo en beneficio del proyecto. 

Lo anterior, en el marco del convenio de financiamiento suscrito con el Gobierno Regional Metropolitano, velando por el cumplimiento de los estándares técnicos, administrativos y de calidad exigidos para proyectos financiados con recursos públicos.",Ingeniería eléctrica y potencia | Construcción y montaje,"alumbrado, electric, ito, luminaria",https://www.mercadopublico.cl/Procurement/Modules/RFB/DetailsAcquisition.aspx?idlicitacion=2434-25-LR26
1186229-34-LR26,Servicios de trabajos eléctricos,Publicada,LR,SERVICIO DE REGISTRO CIVIL E IDENTIFICACION,Unidad de Compras Nivel Central,Región Metropolitana de Santiago,Santiago,2026-10-08 18:21,2026-11-20 15:00,,,,,CLP,No,Contratación de servicios de trabajos eléctricos para Edificio Catedral,Ingeniería eléctrica y potencia,electric,https://www.mercadopublico.cl/Procurement/Modules/RFB/DetailsAcquisition.aspx?idlicitacion=1186229-34-LR26
2963-36-LR26,MEJORAMIENTO SISTEMA DE LUMINARIAS PÚBLICAS,Publicada,LR,I MUNICIPALIDAD DE LA GRANJA,SECPLA,Región Metropolitana de Santiago,La Granja,2026-10-05 17:56,2026-11-20 15:30,,,,4486154225.0,CLP,Sí,"Se requiere la ejecución de la iniciativa de instalación de luminarias de alumbrado público en postes existentes en vías viales públicas de la comuna de La Granja; se considera instalar 6.740 luminarias LED nuevas.

Los trabajos a desarrollar involucran:

-Desconexión, reubicación y retiro de luminarias, tanto las luminarias que son parte del recambio como las existentes que ya no están en funcionamiento.

-Provisión de luminarias LED nuevas que deberán iluminar igual o mejor que las luminarias que se reemplazan, según las características que se presentan más adelante. Las luminarias viales deben ser del mismo diseño, variando en su potencia y deberán ser instaladas en ganchos existentes o nuevos, según planimetría.

-Actualizar el catastro completo del alumbrado público a intervenir, georreferenciando cada luminaria instalada, cada gabinete de control y las luminarias incluidas en cada circuito colectivo.

-Provisión e instalación del cable concéntrico para alimentación de luminaria LED nueva.

-Provisión e instalación de protección eléctrica caja API, según Norma, en luminarias nuevas, cuando corresponda

-Conexión a la red de distribución o de alumbrado público, según corresponda con CALPE y empalmes. 

-Provisión e instalación de empalmes eléctricos, según proyecto a desarrollar.

-Aumento o disminución de capacidad de empalmes existentes, cuando corresponda. En los casos en que sea posible disminuir o cambiar a empalme monofásico con 40 Amperes en tarifa BT1, será obligación realizar el cambio.

-Provisión e instalación de red con conductor CALPE. 

-Despeje de ramas en los lugares donde se instalarán las luminarias, en todo el haz proyectado hasta el suelo y CALPES para las redes que sean necesarias.

-Elaboración y tramitación de los proyectos eléctricos de A.P. para obtención de certificado TE2 en la SEC para todos los circuitos intervenidos, tramitación ante ENEL de los empalmes y contratos de suministro de energía eléctrica para optar a la tarifa BT1 no superando los 9,9 Kw por empalme, donde además deberá informar a ENEL de las luminarias que estaban directas a la red, las cuales pasan a circuitos establecidos según proyectos cuando corresponda. Para la del certificado TE2 se debe considerar el cumplimiento de la Resolución Exenta N29.935 de 2019 modificó la Resolución Exenta N 1.128 de 2006, ambas de la Superintendencia de Electricidad y Combustibles.",Ingeniería eléctrica y potencia,"alumbrado, electric, luminaria",https://www.mercadopublico.cl/Procurement/Modules/RFB/DetailsAcquisition.aspx?idlicitacion=2963-36-LR26
2426-51-LR26,MEJORAMIENTO PARQUE DE ALUMBRADO PÚBLICO ETAPA 1,Publicada,LR,I MUNICIPALIDAD DE VALPARAISO,ADQUISICIONES MAYORES,Región de Valparaíso ,Valparaíso,2026-10-02 16:30,2026-12-01 17:00,,,,5118155000.0,CLP,Sí,"MEJORAMIENTO DEL PARQUE DE ALUMBRADO PÚBLICO ETAPA 1, VALPARAÍSO. CÓDIGO BIP N°40039816-0. PEDIDO 70, SECRETARÍA COMUNAL DE PLANIFICACIÓN",Ingeniería eléctrica y potencia,alumbrado,https://www.mercadopublico.cl/Procurement/Modules/RFB/DetailsAcquisition.aspx?idlicitacion=2426-51-LR26
1969-34-LS19,AUTOMATIZACIÓN PORTÓN ACCESO A LINEA DE FUEGO,Publicada,LS,DIRECCION GENERAL DE GENDARMERIA DE CHIL,Región del Bio Bío,Región del Biobío ,Concepción,2019-05-03 17:57,,,,,,CLP,No,AUTOMATIZACIÓN DE PORTÓN ACCESO A LINEA DE FUEGO C.P. CONCEPCIÓN,Control e instrumentación,automatizacion,https://www.mercadopublico.cl/Procurement/Modules/RFB/DetailsAcquisition.aspx?idlicitacion=1969-34-LS19
525512-40-LS26,SSPPEE Sist. Fotovoltaico Híbrido Mauque Colchane,Publicada,LS,I MUNICIPALIDAD DE COLCHANE,ILUSTRE MUNICIPALIDAD DE COLCHANE,Región de Tarapacá  ,Colchane,2026-09-28 15:00,,,,,,CLP,No,"El servicio consiste en desarrollar el diseño técnico, memoria de cálculo, planimetría y expediente de una planta fotovoltaica híbrida para la localidad de Mauque Colchane. Incluye su ingreso y tramitación ante el Ministerio de Energía para asegurar un suministro eléctrico continuo de 24 horas.",Ingeniería eléctrica y potencia,"electric, fotovoltaic",https://www.mercadopublico.cl/Procurement/Modules/RFB/DetailsAcquisition.aspx?idlicitacion=525512-40-LS26
